form	lemma	POS	morph
		
༄༅། །		PUNCT
དཔལ་	དཔལ་	OTHER
ཆེན་	ཆེན་	NO_POS
རང་བྱུང་	རང་བྱུང་	NOUN
རྡོ་རྗེ་	རྡོ་རྗེ་	NOUN
འི་	གི་	PART
རྣམ་ཐར་	རྣམ་ཐར་	NOUN
བཞུགས་པ་	བཞུགས་པ་	VERB
ལགས་སོ་	ལགས་སོ་	NO_POS
། །		PUNCT
ཨོཾ་	ཨོཾ་	X
སརྦ་	སརྦ་	NO_POS
སྭ་		NON_WORD
སྟི་	སྟི་	NO_POS
སིདྡྷི་		NON_WORD
ཧཱུྃ་		NON_WORD
།		PUNCT
ཨེ་མ་ཧོ་	ཨེ་མ་ཧོ་	INTJ
།		PUNCT
དུས་གསུམ་	དུས་གསུམ་	OTHER
བདེ་གཤེགས་	བདེ་གཤེགས་	NOUN
རྒྱལ་བ་	རྒྱལ་བ་	NOUN
སྲ་	སྲ་	NOUN
བཅའ་	བཅའ་	VERB
ཀྱི་	གི་	PART
། །		PUNCT
མཛད་པ་	མཛད་པ་	VERB
འཕྲིན་ལས་	འཕྲིན་ལས་	NOUN
བསམ་	བསམ་	NOUN
གྱིས་	གིས་	PART
མི་	མི་	PART
ཁྱབ་པ་	ཁྱབ་པ་	VERB
ས་	གིས་	PART
། །		PUNCT
ཉིད་	ཉིད་	DET
ལ་	ལ་	ADP
ས་	གིས་	PART
བྱོན་པ་	བྱོན་པ་	VERB
འི་	གི་	PART
གྲུབ་ཆེན་	གྲུབ་ཆེན་	NOUN
བརྒྱད་	བརྒྱད་	NUM
ལ་སོགས་	ལ་སོགས་	NO_POS
། །		PUNCT
ཀུན་	ཀུན་	DET
ཀྱི་	གི་	PART
ནང་	ནང་	NOUN
ན་	ནས་	PART
བརྫུས་	བརྫུས་	NO_POS
སྐྱེ་	སྐྱེ་	VERB
སློབ་དཔོན་	སློབ་དཔོན་	NOUN
ཉིད་	ཉིད་	DET
། །		PUNCT
པདྨ་	པདྨ་	NOUN
རྒྱལ་པོ་	རྒྱལ་པོ་	NOUN
ས་	གིས་	PART
བྱིན་	བྱིན་	VERB
བརླབས་	བརླབས་	NO_POS
དུས་མཐའ་	དུས་མཐའ་	NOUN
ཡི་	གི་	PART
། །		PUNCT
རྣལ་འབྱོར་	རྣལ་འབྱོར་	NOUN
བདག་	བདག་	PRON
དང་	དང་	NO_POS
གཞན་པ་	གཞན་པ་	DET
ཡི་	གི་	PART
།		PUNCT
སྐལ་ལྡན་	སྐལ་ལྡན་	ADJ
འབྱུང་	འབྱུང་	VERB
ཞེ་	ཅེས་	PART
མཛད་པ་པོ་	མཛད་པ་པོ་	VERB
། །		PUNCT
ཨུ་རྒྱན་	ཨུ་རྒྱན་	PROPN
དབང་ཕྱུག་	དབང་ཕྱུག་	NOUN
བླ་མ་	བླ་མ་	NOUN
རྗེ་	རྗེ་	NO_POS
ལ་	ལ་	PART
འདུད་	འདུད་	NO_POS
། །		PUNCT
ཡུན་རིང་	ཡུན་རིང་	NOUN
དབང་	དབང་	NOUN
གིས་	གིས་	PART
འཁོར་བ་	འཁོར་བ་	NOUN
ཐོག་མེད་	ཐོག་མེད་	PROPN
ན་	ནས་	PART
། །		PUNCT
བདག་	བདག་	PRON
བློ་	བློ་	NOUN
དམུ་རྒོད་	དམུ་རྒོད་	NO_POS
མ་རིག་	མ་རིག་	NOUN
འཐིབས་པོ་	འཐིབས་པོ་	NO_POS
ས་	གིས་	PART
བསྒྲིབ་	བསྒྲིབ་	NO_POS
། །		PUNCT
དེ་ཕྱིར་	དེ་ཕྱིར་	NO_POS
ཡུན་རིང་	ཡུན་རིང་	NOUN
དོན་	དོན་	NOUN
མཆོག་མ་	མཆོག་མ་	NO_POS
རྟོགས་	རྟོགས་	VERB
ཀྱང་	ཀྱང་	PART
། །		PUNCT
བསྟན་པ་	བསྟན་པ་	VERB
འདི་	འདི་	DET
འདི་	འདི་	DET
རྩོད་	རྩོད་	VERB
ལྡན་	ལྡན་	VERB
དང་པོ་	དང་པོ་	ADJ
འི་	གི་	PART
དུས་	དུས་	NOUN
། །		PUNCT
རྫོགས་	རྫོགས་	VERB
ལྡན་	ལྡན་	VERB
དང་པོ་	དང་པོ་	ADJ
ཨེནྟྲ་		NON_WORD
བྷཱོ་		NON_WORD
ཏི་	ཏི་	NO_POS
ཡི་	གི་	PART
། །		PUNCT
རྗེས་འཇུག་	རྗེས་འཇུག་	NOUN
མཐོང་	མཐོང་	VERB
ན་	ལ་	PART
ཡིད་	ཡིད་	NOUN
དུ་	ལ་	PART
འོང་བ་	འོང་བ་	VERB
ན་	ནས་	PART
། །		PUNCT
དྲིན་	དྲིན་	NOUN
ཆེན་	ཆེན་	NO_POS
འཛམ་གླིང་	འཛམ་གླིང་	NOUN
ཡོངས་གྲགས་	ཡོངས་གྲགས་	ADJ
ཡན་ཆོད་	ཡན་ཆོད་	NO_POS
དུ་	ལ་	PART
། །		PUNCT
བསམ་	བསམ་	NOUN
གྱིས་	གིས་	PART
མི་	མི་	PART
ཁྱབ་	ཁྱབ་	VERB
ཏིལ་སྦྱང་	ཏིལ་སྦྱང་	NO_POS
ནང་	ནང་	NOUN
ན་	ནས་	PART
ནི་	ནི་	NO_POS
། །		PUNCT
ལོ་	གོ་	PART
རེ་	རེ་	DET
བཞིན་	བཞིན་	NOUN
དུ་	ལ་	PART
ཏིལ་	ཏིལ་	NOUN
ཕྱུངས་		NON_WORD
ཟད་	ཟད་	VERB
ཙམ་	ཙམ་	DET
ན་	ལ་	PART
། །		PUNCT
ཟད་པ་	ཟད་པ་	VERB
མཐའ་	མཐའ་	NOUN
ཡ་		
བསམ་	བསམ་	NOUN
གྱིས་	གིས་	PART
མི་	མི་	PART
ཁྱབ་པ་	ཁྱབ་པ་	VERB
ར་	ལ་	PART
། །		PUNCT
ཡང་དག་	ཡང་དག་	ADJ
དོན་	དོན་	NOUN
ལ་	ལ་	PART
འཕོ་འགྱུར་	འཕོ་འགྱུར་	NOUN
མ་	མ་	PART
བྱུང་	བྱུང་	VERB
གསུང་	གསུང་	VERB
། །		PUNCT
དུས་མཐ་	དུས་མཐའ་	NOUN
འི་	གི་	PART
རྣལ་འབྱོར་	རྣལ་འབྱོར་	NOUN
རང་བྱུང་	རང་བྱུང་	NOUN
རྡོ་རྗེ་	རྡོ་རྗེ་	NOUN
ནི་	ནི་	NO_POS
། །		PUNCT
དུས་	དུས་	NOUN
ན་	ལ་	PART
སྒྲིབ་གཡོགས་	སྒྲིབ་གཡོགས་	NOUN
འཐིབས་པོ་	འཐིབས་པོ་	NO_POS
ས་	གིས་	PART
བསྒྲིབས་པ་	བསྒྲིབས་པ་	VERB
འི་	གི་	PART
ཕྱི་	ཕྱི་	OTHER
། །		PUNCT
སྔ་ཕྱི་	སྔ་ཕྱི་	ADJ
འི་	གི་	PART
དུས་	དུས་	NOUN
རྣམས་	རྣམས་	DET
རྒྱས་པ་	རྒྱས་པ་	VERB
ར་	ལ་	PART
མ་	མ་	PART
དྲན་	དྲན་	VERB
ཡང་	ཀྱང་	PART
། །		PUNCT
སྔོན་མ་	སྔོན་མ་	ADV
ས་	གིས་	PART
བསྐུལ་	བསྐུལ་	VERB
ཕྱི་	ཕྱི་	OTHER
ཅུང་ཟད་	ཅུང་ཟད་	ADV
ཙམ་	ཙམ་	DET
གཅིག་	གཅིག་	NUM
བྲིས་	བྲིས་	VERB
། །		PUNCT
དེ་	སྟེ་	PART
ལ་	ལ་	PART
སྔོན་	སྔོན་	ADV
གྱི་	གི་	PART
དུས་	དུས་	NOUN
ན་	ལ་	PART
རྒྱ་གར་	རྒྱ་གར་	PROPN
གྱི་	གི་	PART
ཡུལ་	ཡུལ་	NOUN
དུ་	ལ་	PART
སྐྱེས་པ་	སྐྱེས་པ་	VERB
ཡིན་པ་	ཡིན་པ་	AUX
མང་པོ་	མང་པོ་	ADJ
གཅིག་	གཅིག་	NUM
དྲན་པ་	དྲན་པ་	VERB
ར་	ལ་	PART
འདུག་	འདུག་	VERB
དཔང་པོ་	དཔང་པོ་	NOUN
མེད་པ་	མེད་པ་	VERB
འི་	གི་	PART
ཕྱི་	ཕྱི་	OTHER
བཟླས་	བཟླས་	NO_POS
ཀྱང་	ཀྱང་	PART
ཐེ་ཚོམ་	ཐེ་ཚོམ་	NOUN
ཅན་	ཅན་	PART
རྣམས་	རྣམས་	DET
ཡིད་ཆེས་པ་	ཡིད་ཆེས་པ་	NOUN
ར་	ལ་	PART
མི་	མི་	PART
འགྱུར་	འགྱུར་	VERB
།		PUNCT
སྐབས་	སྐབས་	NOUN
སུ་	ལ་	PART
ཅུང་ཟད་	ཅུང་ཟད་	ADV
ལ་	ལ་	ADP
ས་	གིས་	PART
།		PUNCT
ཤྲཱི་		NON_WORD
ཀ་མ་ལ་	ཀ་མ་ལ་	NO_POS
ཤི་	ཤི་	VERB
ལ་	ལ་	ADP
འི་	གི་	PART
གཙུག་ལག་ཁང་	གཙུག་ལག་ཁང་	NOUN
དུ་	ལ་	PART
།		PUNCT
མཁན་པོ་	མཁན་པོ་	NOUN
ཉི་མ་	ཉི་མ་	NOUN
འི་	གི་	PART
སྙིང་པོ་	སྙིང་པོ་	NOUN
དང་	དང་	NO_POS
།		PUNCT
སློབ་དཔོན་	སློབ་དཔོན་	NOUN
ཨ་	ཨ་	X
ཀ་ར་	ཀ་ར་	OTHER
སི་	སི་	OTHER
ཏི་	ཏི་	NO_POS
གཉིས་	གཉིས་	NUM
ཀྱི་	གི་	PART
དྲུང་	དྲུང་	NOUN
དུ་	ལ་	PART
དགེ་ཚུལ་	དགེ་ཚུལ་	VERB
བྱ་	བྱ་	VERB
ཤིང་	ཅིང་	PART
།		PUNCT
ཡུལ་	ཡུལ་	NOUN
གཞན་	གཞན་	DET
ཞིག་	ཅིག་	PART
ཏུ་	ལ་	PART
ཕྱིན་པ་	ཕྱིན་པ་	VERB
ས་	གིས་	PART
སློབ་དཔོན་	སློབ་དཔོན་	NOUN
གཅིག་	གཅིག་	NUM
དང་	དང་	NO_POS
མཇལ་	མཇལ་	NO_POS
།		PUNCT
སློབ་དཔོན་	སློབ་དཔོན་	NOUN
དེ་	དེ་	DET
ས་	གིས་	PART
ཀླུ་སྒྲུབ་	ཀླུ་སྒྲུབ་	PROPN
ཞེ་	ཅེས་	PART
གྲགས་པ་	གྲགས་པ་	VERB
དེ་	སྟེ་	PART
ཡིན་པ་	ཡིན་པ་	AUX
འདྲ་	འདྲ་	VERB
།		PUNCT
དེ་	དེ་	DET
འི་	གི་	PART
རྗེས་	རྗེས་	NOUN
ལ་	ལ་	PART
སློབ་དཔོན་	སློབ་དཔོན་	NOUN
པདྨ་	པདྨ་	NOUN
འབྱུང་གནས་	འབྱུང་གནས་	NOUN
ཀྱི་	གི་	PART
སློབ་མ་	སློབ་མ་	NOUN
།		PUNCT
དཔལ་	དཔལ་	OTHER
རྟ་མགྲིན་	རྟ་མགྲིན་	PROPN
ལ་	ལ་	PART
ནུས་པ་	ནུས་པ་	VERB
ཐོབ་	ཐོབ་	VERB
ཅིང་	ཅིང་	PART
།		PUNCT
སྤྲུལ་པ་	སྤྲུལ་པ་	VERB
སྣ་ཚོགས་	སྣ་ཚོགས་	DET
སྟོན་	སྟོན་	VERB
ནུས་པ་	ནུས་པ་	VERB
གཅིག་	གཅིག་	NUM
ཡིན་པ་	ཡིན་པ་	AUX
ར་	ལ་	PART
སྣང་	སྣང་	VERB
།		PUNCT
གཞན་	གཞན་	DET
ཡང་	ཀྱང་	PART
དེ་	དེ་	DET
འི་	གི་	PART
དུས་	དུས་	NOUN
སུ་	ལ་	PART
རྫུ་འཕྲུལ་	རྫུ་འཕྲུལ་	NOUN
དང་	དང་	NO_POS
ནུས་པ་	ནུས་པ་	VERB
སྣ་ཚོགས་པ་	སྣ་ཚོགས་པ་	DET
ས་	གིས་	PART
འགྲོ་བ་	འགྲོ་བ་	VERB
འི་	གི་	PART
དོན་	དོན་	NOUN
བྱེད་པ་	བྱེད་པ་	VERB
དང་	དང་	NO_POS
།		PUNCT
འགའ་	འགའ་	DET
དང་	དང་	NO_POS
འགའ་ཞིག་	འགའ་ཞིག་	OTHER
དྲན་པ་	དྲན་པ་	VERB
ར་	ལ་	PART
འདུག་	འདུག་	VERB
སྟེ་	སྟེ་	PART
།		PUNCT
མང་པོ་	མང་པོ་	ADJ
བརྗོད་པ་	བརྗོད་པ་	VERB
ས་	གིས་	PART
ཡིད་ཆེས་པ་	ཡིད་ཆེས་པ་	NOUN
ར་	ལ་	PART
སུ་ཞིག་	སུ་ཞིག་	NO_POS
འགྱུར་	འགྱུར་	VERB
།		PUNCT
ཁྱད་པར་	ཁྱད་པར་	NOUN
དུ་	ལ་	PART
ཡང་	ཀྱང་	PART
དེ་	དེ་	DET
འི་	གི་	PART
དུས་	དུས་	NOUN
སུ་	ལ་	PART
ངན་ལམ་	ངན་ལམ་	NO_POS
རྒྱལ་བ་	རྒྱལ་བ་	NOUN
མཆོག་	མཆོག་	ADJ
དབྱངས་	དབྱངས་	NOUN
ཞེ་	ཅེས་	PART
གྲགས་པ་	གྲགས་པ་	VERB
དེ་	སྟེ་	PART
དང་	དང་	NO_POS
དུས་	དུས་	NOUN
མཚུངས་པ་	མཚུངས་པ་	VERB
ཡིན་པ་	ཡིན་པ་	AUX
འདྲ་	འདྲ་	VERB
།		PUNCT
ཡང་	ཀྱང་	PART
གཉུག་	གཉུག་	NO_POS
མ་	མ་	PART
སྐྱེ་འགག་	སྐྱེ་འགག་	NOUN
མེད་པ་	མེད་པ་	VERB
འི་	གི་	PART
ངང་	ངང་	NOUN
ན་	ནས་	PART
གཟུགས་སྐུ་	གཟུགས་སྐུ་	NOUN
འི་	གི་	PART
འཕྲིན་ལས་	འཕྲིན་ལས་	NOUN
སྣ་ཚོགས་	སྣ་ཚོགས་	DET
སུ་	ལ་	PART
སྟོན་པ་	སྟོན་པ་	NOUN
ལ་	ལ་	ADP
ས་	གིས་	PART
།		PUNCT
བར་སྐབས་	བར་སྐབས་	NOUN
གཅིག་	གཅིག་	NUM
ཏུ་	ལ་	PART
རྒྱ་གར་	རྒྱ་གར་	PROPN
གྱི་	གི་	PART
རྣལ་འབྱོར་པ་	རྣལ་འབྱོར་པ་	NOUN
།		PUNCT
འད་	འདའ་	VERB
ར་	ལ་	PART
མ་	མ་	PART
བོད་	བོད་	PROPN
དེ་	སྟེ་	PART
ཞེ་	ཅེས་	PART
བྱ་བ་	བྱ་བ་	VERB
དེ་	སྟེ་	PART
དང་	དང་	NO_POS
དུས་	དུས་	NOUN
མཚུངས་པ་	མཚུངས་པ་	VERB
ཡིན་པ་	ཡིན་པ་	AUX
འདྲ་	འདྲ་	VERB
།		PUNCT
དེ་ཡང་	དེ་ཡང་	ADV
ཐུགས་རྗེ་	ཐུགས་རྗེ་	NOUN
ཆེན་པོ་	ཆེན་པོ་	ADJ
ས་	གིས་	PART
འགྲོ་བ་	འགྲོ་བ་	VERB
འི་	གི་	PART
དོན་	དོན་	NOUN
བྱེད་	བྱེད་	VERB
ཅིང་	ཅིང་	PART
།		PUNCT
གདུལ་བྱ་	གདུལ་བྱ་	NOUN
མི་	མི་	PART
རྣམས་	རྣམས་	DET
ལ་	ལ་	PART
སྣང་བ་	སྣང་བ་	VERB
བསམ་	བསམ་	NOUN
གྱིས་	གིས་	PART
མི་	མི་	PART
ཁྱབ་པ་	ཁྱབ་པ་	VERB
སྟོན་པ་	སྟོན་པ་	NOUN
དེ་ལྟ་	དེ་ལྟ་	NO_POS
བུ་	བུ་	NOUN
གཅིག་	གཅིག་	NUM
བྱུང་བ་	བྱུང་བ་	VERB
ཡིན་པ་	ཡིན་པ་	AUX
འདྲ་	འདྲ་	VERB
།		PUNCT
གཞན་	གཞན་	DET
ཡང་	ཀྱང་	PART
དེ་	སྟེ་	PART
མ་གཏོགས་པ་	མ་གཏོགས་པ་	NO_POS
དུས་གསུམ་	དུས་གསུམ་	OTHER
གྱིས་	གིས་	PART
སངས་རྒྱས་	སངས་རྒྱས་	NOUN
ཐམས་ཅད་	ཐམས་ཅད་	DET
ཀྱིས་	གིས་	PART
བྱིན་	བྱིན་	VERB
གྱིས་	གིས་	PART
བརླབས་པ་	བརླབས་པ་	VERB
།		PUNCT
མཆོག་ཐོབ་པ་	མཆོག་ཐོབ་པ་	OTHER
འི་	གི་	PART
གྲུབ་ཆེན་	གྲུབ་ཆེན་	NOUN
བརྒྱད་	བརྒྱད་	NUM
།		PUNCT
གཞན་	གཞན་	DET
ཡང་	ཀྱང་	PART
རྣལ་འབྱོར་	རྣལ་འབྱོར་	NOUN
གྱི་	གི་	PART
དབང་ཕྱུག་	དབང་ཕྱུག་	NOUN
གྲངས་	གྲངས་	NOUN
ལ་	ལ་	ADP
ས་	གིས་	PART
འདས་པ་	འདས་པ་	VERB
རྣམས་	རྣམས་	DET
ཀྱིས་	གིས་	PART
བྱིན་	བྱིན་	VERB
གྱིས་	གིས་	PART
བརླབས་པ་	བརླབས་པ་	VERB
།		PUNCT
རྗེ་	རྗེ་	NO_POS
ཀ་མ་ལ་	ཀ་མ་ལ་	NO_POS
ཤི་	ཤི་	VERB
ལ་	ལ་	PART
དེ་	སྟེ་	PART
དང་	དང་	NO_POS
འབྲེལ་བ་	འབྲེལ་བ་	VERB
ཡོད་པ་	ཡོད་པ་	VERB
ས་	གིས་	PART
།		PUNCT
དེ་	དེ་	DET
འི་	གི་	PART
སློབ་མ་	སློབ་མ་	NOUN
རང་	རང་	PRON
ཡང་	ཀྱང་	PART
ཡིན་	ཡིན་	NO_POS
ཞིང་	ཅིང་	PART
།		PUNCT
གདམས་པ་	གདམས་པ་	VERB
ཅུང་ཟད་	ཅུང་ཟད་	ADV
ཐོབ་པ་	ཐོབ་པ་	VERB
ཡིན་པ་	ཡིན་པ་	AUX
འདྲ་	འདྲ་	VERB
།		PUNCT
དོན་མེད་པ་	དོན་མེད་པ་	ADJ
མང་པོ་	མང་པོ་	ADJ
ས་	གིས་	PART
ཅི་ཞིག་	ཅི་ཞིག་	NO_POS
བྱ་	བྱ་	VERB
།		PUNCT
གཞན་	གཞན་	DET
ཡང་	ཀྱང་	PART
བཀའ་	བཀའ་	NOUN
གདམས་	གདམས་	NOUN
ཀྱི་	གི་	PART
དགེ་བ་	དགེ་བ་	VERB
འི་	གི་	PART
བཤེས་གཉེན་	བཤེས་གཉེན་	NOUN
པུ་	པུ་	NO_POS
ཏོ་བ་	ཏོ་བ་	PART
ཆེན་པོ་	ཆེན་པོ་	ADJ
དེ་	སྟེ་	PART
ཡིན་	ཡིན་	NO_POS
སྙམ་པ་	སྙམ་པ་	VERB
ཡང་	ཀྱང་	PART
བྱུང་	བྱུང་	VERB
།		PUNCT
དེ་	དེ་	DET
འི་	གི་	PART
དུས་	དུས་	NOUN
སུ་	ལ་	PART
ཁ་	ཁ་	PRON
རག་	རག་	VERB
སྒོམ་	སྒོམ་	VERB
ཆུང་	ཆུང་	VERB
ཞེ་	ཅེས་	PART
གྲགས་པ་	གྲགས་པ་	VERB
དེ་	སྟེ་	PART
དང་	དང་	NO_POS
ཡང་	ཀྱང་	PART
དུས་	དུས་	NOUN
མཚུངས་པ་	མཚུངས་པ་	VERB
ཡིན་པ་	ཡིན་པ་	AUX
འདྲ་	འདྲ་	VERB
།		PUNCT
དེ་	དེ་	DET
འི་	གི་	PART
བག་ཆགས་	བག་ཆགས་	NOUN
ཀྱི་	གི་	PART
ལྷག་མ་	ལྷག་མ་	NOUN
ས་	གིས་	PART
དིང་སང་	དིང་སང་	ADV
ཡང་	ཀྱང་	PART
ཁ་	ཁ་	PRON
རག་པ་	རག་པ་	NO_POS
འི་	གི་	PART
གདམས་པ་	གདམས་པ་	VERB
རྣམས་	རྣམས་	DET
མཐོང་བ་	མཐོང་བ་	VERB
ཙམ་	ཙམ་	DET
གྱིས་	གིས་	PART
གོ་བ་	གོ་བ་	VERB
ཕུན་སུམ་	ཕུན་སུམ་	OTHER
ཚོགས་པ་	ཚོགས་པ་	VERB
རྒྱུད་	རྒྱུད་	NOUN
ལ་	ལ་	PART
སྐྱེ་བ་	སྐྱེ་བ་	VERB
ར་	ལ་	PART
འདུག་	འདུག་	VERB
།		PUNCT
དེ་	སྟེ་	PART
མ་གཏོགས་པ་	མ་གཏོགས་པ་	NO_POS
ཡང་	ཀྱང་	PART
སྣེ་ཟུར་བ་	སྣེ་ཟུར་བ་	NO_POS
ཆེན་པོ་	ཆེན་པོ་	ADJ
ཞེ་	ཅེས་	PART
གྲགས་པ་	གྲགས་པ་	VERB
དེ་	སྟེ་	PART
དང་	དང་	NO_POS
ཡང་	ཀྱང་	PART
འབྲེལ་བ་	འབྲེལ་བ་	VERB
གཅིག་	གཅིག་	NUM
ཡོད་པ་	ཡོད་པ་	VERB
འདྲ་	འདྲ་	VERB
།		PUNCT
གཞན་	གཞན་	DET
ཡང་	ཀྱང་	PART
དེ་	སྟེ་	PART
མ་གཏོགས་པ་	མ་གཏོགས་པ་	NO_POS
ཡང་	ཀྱང་	PART
འགའ་	འགའ་	DET
དང་	དང་	NO_POS
འགའ་ཞིག་	འགའ་ཞིག་	OTHER
དྲན་པ་	དྲན་པ་	VERB
ར་	ལ་	PART
འདུག་	འདུག་	VERB
སྟེ་	སྟེ་	PART
།		PUNCT
དཔང་པོ་	དཔང་པོ་	NOUN
མེད་པ་	མེད་པ་	VERB
འི་	གི་	PART
ཕྱི་	ཕྱི་	OTHER
སུ་ཞིག་	སུ་ཞིག་	NO_POS
ཡིད་ཆེས་པ་	ཡིད་ཆེས་པ་	NOUN
ར་	ལ་	PART
འགྱུར་	འགྱུར་	VERB
།		PUNCT
གཞན་	གཞན་	DET
ཡང་	ཀྱང་	PART
དཔལ་ལྡན་	དཔལ་ལྡན་	ADJ
དུས་གསུམ་	དུས་གསུམ་	OTHER
མཁྱེན་པ་	མཁྱེན་པ་	VERB
དང་	དང་	NO_POS
།		PUNCT
རིན་པོ་ཆེ་	རིན་པོ་ཆེ་	ADJ
ཀརྨ་པ་	ཀརྨ་པ་	NO_POS
དང་	དང་	NO_POS
ཐ་དད་	ཐ་དད་	ADJ
མེད་པ་	མེད་པ་	VERB
དེ་ཉིད་	དེ་ཉིད་	NOUN
སྐབས་	སྐབས་	NOUN
སྐབས་	སྐབས་	NOUN
སུ་	ལ་	PART
རང་ཉིད་	རང་ཉིད་	OTHER
ཡིན་	ཡིན་	NO_POS
སྙམ་པ་	སྙམ་པ་	VERB
བྱུང་	བྱུང་	VERB
།		PUNCT
གཞན་	གཞན་	DET
ཡང་	ཀྱང་	PART
དཔལ་ལྡན་	དཔལ་ལྡན་	ADJ
དུས་གསུམ་	དུས་གསུམ་	OTHER
མཁྱེན་པ་	མཁྱེན་པ་	VERB
འི་	གི་	PART
གདམས་ངག་	གདམས་ངག་	NOUN
རྣམས་	རྣམས་	DET
རང་བཞིན་	རང་བཞིན་	NOUN
གྱིས་	གིས་	PART
ཤེ་	ཤེ་	VERB
ཤིང་	ཅིང་	PART
རང་བཞིན་	རང་བཞིན་	NOUN
གྱིས་	གིས་	PART
གོ་བ་	གོ་བ་	VERB
དང་	དང་	NO_POS
ཤེས་པ་	ཤེས་པ་	VERB
བྱུང་	བྱུང་	VERB
།		PUNCT
དེ་	སྟེ་	PART
མ་གཏོགས་པ་	མ་གཏོགས་པ་	NO_POS
འི་	གི་	PART
རྣལ་འབྱོར་	རྣལ་འབྱོར་	NOUN
གྱི་	གི་	PART
དབང་ཕྱུག་	དབང་ཕྱུག་	NOUN
མི་	མི་	PART
ཏྲིས་		NON_WORD
བྱིན་	བྱིན་	VERB
གྱིས་	གིས་	PART
བརླབས་པ་	བརླབས་པ་	VERB
།		PUNCT
རྒྱ་གར་	རྒྱ་གར་	PROPN
གྱི་	གི་	PART
རྣལ་འབྱོར་	རྣལ་འབྱོར་	NOUN
ཆོ་	ཆོ་	NOUN
ཀྱི་	གི་	PART
དབང་ཕྱུག་	དབང་ཕྱུག་	NOUN
ཞེ་	ཅེས་	PART
བྱ་བ་	བྱ་བ་	VERB
གཅིག་	གཅིག་	NUM
ཏུ་	ལ་	PART
གྱུར་	གྱུར་	VERB
ན་	ནས་	PART
།		PUNCT
ག་	ག་	NOUN
འགྲོ་	འགྲོ་	VERB
ག་	ག་	NOUN
འདུག་	འདུག་	VERB
ཆ་མེད་པ་	ཆ་མེད་པ་	ADJ
ར་	ལ་	PART
གདུལ་བྱ་	གདུལ་བྱ་	NOUN
རྣམས་	རྣམས་	DET
ལ་	ལ་	PART
དག་པ་	དག་པ་	VERB
འི་	གི་	PART
སྣང་བ་	སྣང་བ་	VERB
དཔག་	དཔག་	VERB
ཏུ་	ལ་	PART
མེད་པ་	མེད་པ་	VERB
། །		PUNCT
སྟོན་པ་	སྟོན་པ་	NOUN
གཅིག་	གཅིག་	NUM
བྱུང་བ་	བྱུང་བ་	VERB
འདྲ་	འདྲ་	VERB
།		PUNCT
གཞན་	གཞན་	DET
ཡང་	ཀྱང་	PART
འགྲོ་བ་	འགྲོ་བ་	VERB
འི་	གི་	PART
མགོན་པོ་	མགོན་པོ་	NOUN
ས་	གིས་	PART
སེམས་ཅན་	སེམས་ཅན་	NOUN
ཐམས་ཅད་	ཐམས་ཅད་	DET
ལ་	ལ་	PART
བརྩེ་བ་	བརྩེ་བ་	VERB
ཆེན་པོ་	ཆེན་པོ་	ADJ
དང་	དང་	NO_POS
ལྡན་པ་	ལྡན་པ་	VERB
ས་	གིས་	PART
གཟིགས་པ་	གཟིགས་པ་	VERB
།		PUNCT
ཀརྨ་པ་	ཀརྨ་པ་	NO_POS
ཆེན་པོ་	ཆེན་པོ་	ADJ
དེ་ཉིད་	དེ་ཉིད་	NOUN
ཀྱིས་	གིས་	PART
གདམས་པ་	གདམས་པ་	VERB
རླུང་	རླུང་	NOUN
སེམས་	སེམས་	NOUN
ཀྱི་	གི་	PART
གནད་	གནད་	NOUN
མཐོང་བ་	མཐོང་བ་	VERB
དང་	དང་	NO_POS
ཐོས་པ་	ཐོས་པ་	VERB
ཙམ་	ཙམ་	DET
གྱིས་	གིས་	PART
ཤེ་	ཤེ་	VERB
ཤིང་	ཅིང་	PART
ཕྱོགས་མེད་	ཕྱོགས་མེད་	ADJ
གོ་བ་	གོ་བ་	VERB
ལ་སོགས་པ་	ལ་སོགས་པ་	NO_POS
འདུག་	འདུག་	VERB
སྟེ་	སྟེ་	PART
།		PUNCT
དེ་	དེ་	DET
འི་	གི་	PART
དོན་	དོན་	NOUN
གྱིས་	གིས་	PART
ད་ལྟ་		
ཡང་	ཀྱང་	PART
དུས་གསུམ་	དུས་གསུམ་	OTHER
མཁྱེན་པ་	མཁྱེན་པ་	VERB
འི་	གི་	PART
གདན་ས་	གདན་ས་	NOUN
རྣམས་	རྣམས་	DET
གསོའི་		NON_WORD
ཞིང་	ཅིང་	PART
སྐུ་གསུམ་	སྐུ་གསུམ་	OTHER
ངོ་སྤྲོད་	ངོ་སྤྲོད་	NOUN
ཀྱི་	གི་	PART
གནད་	གནད་	NOUN
ཀྱིས་	གིས་	PART
སྨིན་	སྨིན་	VERB
ཅིང་	ཅིང་	PART
གྲོལ་བ་	གྲོལ་བ་	VERB
འི་	གི་	PART
ལམ་	གམ་	PART
ཁྱད་པར་ཅན་	ཁྱད་པར་ཅན་	ADJ
སྟོན་པ་	སྟོན་པ་	NOUN
སྟེ་	སྟེ་	PART
།		PUNCT
དེ་	དེ་	DET
འི་	གི་	PART
དོན་	དོན་	NOUN
གྱིས་	གིས་	PART
དེང་སང་	དེང་སང་	ADV
ཡང་	ཀྱང་	PART
ཕྱོགས་མེད་	ཕྱོགས་མེད་	ADJ
དུ་	ལ་	PART
སེམས་ཅན་	སེམས་ཅན་	NOUN
གྱི་	གི་	PART
དོན་	དོན་	NOUN
བྱེད་པ་	བྱེད་པ་	VERB
སྟེ་	སྟེ་	PART
།		PUNCT
གདུལ་བྱ་	གདུལ་བྱ་	NOUN
མི་	མི་	PART
རྣམས་	རྣམས་	DET
ཐམས་ཅད་	ཐམས་ཅད་	DET
གྱིས་	གིས་	PART
རླུང་	རླུང་	NOUN
སེམས་	སེམས་	NOUN
ཀྱི་	གི་	PART
གནད་	གནད་	NOUN
ཕྱོགས་མེད་	ཕྱོགས་མེད་	ADJ
དུ་	ལ་	PART
གོ་	གོ་	PART
ཞིང་	ཅིང་	PART
རྟོགས་	རྟོགས་	VERB
ན་	ནས་	PART
མཁྱེན་པ་	མཁྱེན་པ་	VERB
ར་	ལ་	PART
འགྱུར་	འགྱུར་	VERB
རོ་	རོ་	NOUN
། །		PUNCT
དེ་ཡན་	དེ་ཡན་	NO_POS
ཆད་	ཆད་	VERB
ཀྱིས་	གིས་	PART
སྔ་	སྔ་	NOUN
འདས་པ་	འདས་པ་	VERB
འི་	གི་	PART
སྐྱེ་བ་	སྐྱེ་བ་	VERB
སོང་	སོང་	VERB
ན་	ནས་	PART
། །		PUNCT
ཡང་བ་	ཡང་བ་	VERB
ར་	ལ་	PART
དེ་	དེ་	DET
འི་	གི་	PART
རྣམ་པ་	རྣམ་པ་	NOUN
ར་	ལ་	PART
ཐར་པ་	ཐར་པ་	VERB
ནི་	ནི་	NO_POS
།		PUNCT
ལུག་ལོ་	ལུག་ལོ་	NO_POS
ཟླ་བ་	ཟླ་བ་	NOUN
གཅིག་པ་	གཅིག་པ་	ADJ
འི་	གི་	PART
དུས་	དུས་	NOUN
ན་	ནས་	PART
ཅུང་ཟད་	ཅུང་ཟད་	ADV
ཁམས་	ཁམས་	NOUN
མ་	མ་	PART
བདེ་བ་	བདེ་བ་	VERB
དང་	དང་	NO_POS
།		PUNCT
མིང་	མིང་	NOUN
ཡོངས་སུ་	ཡོངས་སུ་	NO_POS
གྲགས་པ་	གྲགས་པ་	VERB
ཀརྨ་པ་	ཀརྨ་པ་	NO_POS
ཡང་	ཀྱང་	PART
ཞིང་ཁམས་	ཞིང་ཁམས་	NOUN
གཞན་	གཞན་	DET
དུ་	ལ་	PART
གཤེགས་པ་	གཤེགས་པ་	VERB
འི་	གི་	PART
ལྟ་	ལྟ་	NOUN
དང་	དང་	NO_POS
ཆོ་	ཆོ་	NOUN
འཕྲུལ་	འཕྲུལ་	VERB
བསམ་	བསམ་	NOUN
གྱིས་	གིས་	PART
མི་	མི་	PART
ཁྱབ་པ་	ཁྱབ་པ་	VERB
བྱུང་	བྱུང་	VERB
ཞིང་	ཅིང་	PART
།		PUNCT
འཇའ་ཚོན་	འཇའ་ཚོན་	NOUN
གྱི་	གི་	PART
ལུས་	ལུས་	NOUN
ནམ་མཁའ་	ནམ་མཁའ་	NOUN
ལ་	ལ་	PART
འཕགས་	འཕགས་	VERB
ཏེ་	སྟེ་	PART
།		PUNCT
སྟེང་	སྟེང་	NOUN
ལྷ་	ལྷ་	NOUN
འི་	གི་	PART
ཡུལ་	ཡུལ་	NOUN
དུ་	ལ་	PART
ཕྱིན་པ་	ཕྱིན་པ་	VERB
དང་	དང་	NO_POS
།		PUNCT
ལྷ་	ལྷ་	NOUN
འི་	གི་	PART
སྒྲ་སྙན་	སྒྲ་སྙན་	OTHER
དང་	དང་	NO_POS
རོལ་མོ་	རོལ་མོ་	NOUN
སྣ་ཚོགས་པ་	སྣ་ཚོགས་པ་	DET
ས་	གིས་	PART
བསུ་བ་	བསུ་བ་	VERB
བྱེད་	བྱེད་	VERB
ཅིང་	ཅིང་	PART
།		PUNCT
ལྷ་	ལྷ་	NOUN
འི་	གི་	PART
གདུགས་	གདུགས་	NOUN
དཔག་	དཔག་	VERB
ཏུ་	ལ་	PART
མེད་པ་	མེད་པ་	VERB
དང་	དང་	NO_POS
།		PUNCT
བྱང་ཆུབ་	བྱང་ཆུབ་	NOUN
སེམས་དཔའ་	སེམས་དཔའ་	NOUN
བྱམས་པ་	བྱམས་པ་	PROPN
ལ་སོགས་པ་	ལ་སོགས་པ་	NO_POS
བྱང་ཆུབ་	བྱང་ཆུབ་	NOUN
སེམས་དཔ་	སེམས་དཔའ་	NOUN
འི་	གི་	PART
སྤྱད་པ་	སྤྱད་པ་	VERB
སྤྱོད་པ་	སྤྱོད་པ་	VERB
ལ་སོགས་པ་	ལ་སོགས་པ་	NO_POS
བསམ་	བསམ་	NOUN
གྱིས་	གིས་	PART
མི་	མི་	PART
ཁྱབ་པ་	ཁྱབ་པ་	VERB
འི་	གི་	PART
སྣང་བ་	སྣང་བ་	VERB
འདུག་	འདུག་	VERB
ཅིང་	ཅིང་	PART
དེ་	དེ་	DET
ར་	ལ་	PART
འདུག་པ་	འདུག་པ་	VERB
ས་	གིས་	PART
།		PUNCT
སེམས་ཅན་	སེམས་ཅན་	NOUN
རྣམས་	རྣམས་	DET
ལ་	ལ་	PART
སྙིང་རྗེ་	སྙིང་རྗེ་	NOUN
ཚད་	ཚད་	NOUN
མེད་པ་	མེད་པ་	VERB
བསྒོམ་	བསྒོམ་	VERB
ཞིང་	ཅིང་	PART
།		PUNCT
སྐྱེ་བ་	སྐྱེ་བ་	VERB
མེད་པ་	མེད་པ་	VERB
འི་	གི་	PART
ངང་	ངང་	NOUN
ན་	ནས་	PART
འགག་པ་	འགག་པ་	VERB
མེད་པ་	མེད་པ་	VERB
འི་	གི་	PART
རྩལ་	རྩལ་	NOUN
སྦྱོང་	སྦྱོང་	VERB
ཞིང་	ཅིང་	PART
གནས་པ་	གནས་པ་	VERB
འི་	གི་	PART
དུས་	དུས་	NOUN
སུ་	ལ་	PART
།		PUNCT
ཞིང་སྐྱོང་	ཞིང་སྐྱོང་	NOUN
འགྲོ་	འགྲོ་	VERB
མ་	མ་	PART
ཉི་ཤུ་	ཉི་ཤུ་	NUM
རྩ་	རྩ་	NUM
ལྔ་	ལྔ་	NUM
འོངས་	འོངས་	VERB
ན་	ནས་	PART
།		PUNCT
ཉམས་	ཉམས་	NOUN
ཀྱི་	གི་	PART
སྣང་བ་	སྣང་བ་	VERB
ལ་	ལ་	PART
འདི་སྐད་	འདི་སྐད་	NO_POS
ཟེ་	ཟེ་	VERB
ཞིང་	ཅིང་	PART
འདུག་	འདུག་	VERB
གོ་	གོ་	PART
།		PUNCT
ཁྱེད་	ཁྱེད་	PRON
དལ་འབྱོར་	དལ་འབྱོར་	NOUN
གྱི་	གི་	PART
མི་ལུས་	མི་ལུས་	NOUN
བླང་	བླང་	NO_POS
རེ་	རེ་	DET
རན་	རན་	NO_POS
། །		PUNCT
སངས་རྒྱས་	སངས་རྒྱས་	NOUN
ཀྱི་	གི་	PART
བསྟན་པ་	བསྟན་པ་	VERB
བཟུང་	བཟུང་	NO_POS
རེ་	རེ་	DET
རན་	རན་	NO_POS
། །		PUNCT
འགྲོ་	འགྲོ་	VERB
དྲུག་	དྲུག་	NUM
གི་	གི་	PART
ཕ་མ་	ཕ་མ་	NOUN
བྱ་	བྱ་	VERB
རེ་	རེ་	DET
རན་	རན་	NO_POS
། །		PUNCT
དུས་	དུས་	NOUN
ལ་	ལ་	PART
བབ་བོ་	བབ་བོ་	VERB
ས་	ས་	ADP
མ་	མ་	PART
ཡ་	ཡ་	NOUN
།		PUNCT
དེ་སྐད་	དེ་སྐད་	NO_POS
ཟེ་	ཟེ་	VERB
ཞིང་	ཅིང་	PART
འདུག་པ་	འདུག་པ་	VERB
མཐོང་	མཐོང་	VERB
ན་	ནས་	PART
།		PUNCT
འདི་	འདི་	DET
འཁྲུལ་པ་	འཁྲུལ་པ་	NO_POS
འི་	གི་	PART
སྣང་བ་	སྣང་བ་	VERB
ཡིན་	ཡིན་	NO_POS
སྙམ་པ་	སྙམ་པ་	VERB
བྱུང་	བྱུང་	VERB
ན་	ནས་	PART
།		PUNCT
རྣམ་རྟོག་	རྣམ་རྟོག་	NOUN
བཤིགས་		NON_WORD
ཀྱང་	ཀྱང་	PART
མཁའ་འགྲོ་	མཁའ་འགྲོ་	NOUN
མ་	མ་	PART
རྣམས་	རྣམས་	DET
འགྲོ་	འགྲོ་	VERB
རུ་མ་	རུ་མ་	NO_POS
འདོད་	འདོད་	VERB
།		PUNCT
ཁོང་	ཁོང་	PRON
རྣམས་	རྣམས་	DET
ཀྱི་	གི་	PART
ལན་	ལན་	NOUN
གཞལ་བ་	གཞལ་བ་	VERB
དེ་	སྟེ་	PART
།		PUNCT
ཁྱེད་	ཁྱེད་	PRON
འོངས་པ་	འོངས་པ་	VERB
གང་	གང་	NO_POS
ན་	ནས་	PART
འོངས་པ་	འོངས་པ་	VERB
ཡིན་	ཡིན་	NO_POS
། །		PUNCT
ཁྱེད་	ཁྱེད་	PRON
རྣམས་	རྣམས་	DET
འདི་རུ་	འདི་རུ་	NO_POS
ཅི་	ཅི་	NO_POS
བྱེད་	བྱེད་	VERB
འོངས་	འོངས་	VERB
། །		PUNCT
དལ་འབྱོར་	དལ་འབྱོར་	NOUN
མི་ལུས་	མི་ལུས་	NOUN
བླང་	བླང་	NO_POS
དུ་	ལ་	PART
ཕ་མ་	ཕ་མ་	NOUN
མེད་	མེད་	VERB
། །		PUNCT
སངས་རྒྱས་	སངས་རྒྱས་	NOUN
བསྟན་པ་	བསྟན་པ་	VERB
བཟུང་	བཟུང་	NO_POS
དུ་	ལ་	PART
ཤེས་རབ་	ཤེས་རབ་	NOUN
མེད་	མེད་	VERB
། །		PUNCT
འགྲོ་	འགྲོ་	VERB
དྲུག་	དྲུག་	NUM
གི་	གི་	PART
ཕ་མ་	ཕ་མ་	NOUN
བྱ་	བྱ་	VERB
རུ་	ལ་	PART
ལས་འཕྲོ་	ལས་འཕྲོ་	NOUN
མེད་	མེད་	VERB
།		PUNCT
ལུང་བསྟན་	ལུང་བསྟན་	NOUN
གྱི་	གི་	PART
རྒྱལ་ཚབ་	རྒྱལ་ཚབ་	NOUN
གཞན་	གཞན་	DET
དུ་	ལ་	PART
ཚལ་	ཚལ་	NOUN
ལོ་	གོ་	PART
། །		PUNCT
དེ་སྐད་	དེ་སྐད་	NO_POS
ཅེས་	ཅེས་	PART
སྨྲས་པ་	སྨྲས་པ་	VERB
ཡི་	གིས་	PART
།		PUNCT
ཁོང་	ཁོང་	PRON
རྣམས་	རྣམས་	DET
ན་རེ་	ན་རེ་	ADP
།		PUNCT
ངེད་	ངེད་	PRON
འོངས་པ་	འོངས་པ་	VERB
མི་ཡུལ་	མི་ཡུལ་	NOUN
མཐིལ་	མཐིལ་	NOUN
ན་	ནས་	PART
འོངས་	འོངས་	VERB
། །		PUNCT
ཡིན་པ་	ཡིན་པ་	AUX
ཞི་	ཞི་	VERB
ཞིང་སྐྱོང་	ཞིང་སྐྱོང་	NOUN
གི་	གི་	PART
མཁའ་འགྲོ་	མཁའ་འགྲོ་	NOUN
ཡིན་	ཡིན་	NO_POS
།		PUNCT
མི་	མི་	PART
ཁྱོད་	ཁྱོད་	PRON
ལ་	ལ་	PART
བསྐུལ་མ་	བསྐུལ་མ་	NOUN
མི་	མི་	PART
འཚལ་	འཚལ་	VERB
སྟེ་	སྟེ་	PART
། །		PUNCT
འགྲོ་	འགྲོ་	VERB
དྲུག་	དྲུག་	NUM
གི་	གི་	PART
དོན་	དོན་	NOUN
དུ་	ལ་	PART
བསྐུལ་	བསྐུལ་	VERB
དུ་	ལ་	PART
འོངས་	འོངས་	VERB
།		PUNCT
ཟེ་	ཟེ་	VERB
ན་	ནས་	PART
རང་རང་	རང་རང་	NO_POS
གི་	གི་	PART
མིང་	མིང་	NOUN
དང་	དང་	NO_POS
སྲོག་	སྲོག་	NOUN
གི་	གི་	PART
སྙིང་པོ་	སྙིང་པོ་	NOUN
ཕུལ་བ་	ཕུལ་བ་	VERB
ནི་	ནི་	NO_POS
།		PUNCT
གསང་བ་	གསང་བ་	VERB
རྡོ་རྗེ་	རྡོ་རྗེ་	NOUN
ཐོག་	ཐོག་	NOUN
འབེབས་	འབེབས་	VERB
མ་	མ་	PART
། །		PUNCT
གཙུག་	གཙུག་	NOUN
ན་	ལ་	PART
རྡོ་རྗེ་	རྡོ་རྗེ་	NOUN
དཔལ་འབར་	དཔལ་འབར་	PROPN
མ་	མ་	PART
། །		PUNCT
མཐའ་	མཐའ་	NOUN
ན་	ལ་	PART
རྡོ་རྗེ་	རྡོ་རྗེ་	NOUN
སྟོབས་	སྟོབས་	NOUN
མོ་	གོ་	PART
ཆེ་	ཆེ་	VERB
། །		PUNCT
ལག་	ལག་	NOUN
ན་	ལ་	PART
རྡོ་རྗེ་	རྡོ་རྗེ་	NOUN
མཐུ་	མཐུ་	NOUN
རྒྱལ་མ་	རྒྱལ་མ་	OTHER
།		PUNCT
ཁ་	ཁ་	PRON
ན་	ལ་	PART
རྡོ་རྗེ་	རྡོ་རྗེ་	NOUN
དུང་	དུང་	NOUN
སྒྲ་	སྒྲ་	NOUN
མ་	མ་	PART
།		PUNCT
ངེད་	ངེད་	PRON
ཞིང་སྐྱོང་	ཞིང་སྐྱོང་	NOUN
གི་	གི་	PART
གཙོ་	གཙོ་	NOUN
མོ་	གོ་	PART
ཆེན་	ཆེན་	NO_POS
མོ་	གོ་	PART
ལྔ་	ལྔ་	NUM
། །		PUNCT
བདག་ཉིད་	བདག་ཉིད་	NOUN
ཆེན་	ཆེན་	NO_POS
མོ་	གོ་	PART
རྡོ་རྗེ་	རྡོ་རྗེ་	NOUN
གྲག་	གྲག་	VERB
མ་	མ་	PART
། །		PUNCT
གངས་	གངས་	NOUN
ཀྱི་	གི་	PART
ཡུམ་	ཡུམ་	NOUN
ཆེན་	ཆེན་	NO_POS
ཀུན་	ཀུན་	DET
ཏུ་	ལ་	PART
བཟང་	བཟང་	VERB
། །		PUNCT
དཔལ་ལྡན་	དཔལ་ལྡན་	ADJ
རྡོ་རྗེ་	རྡོ་རྗེ་	NOUN
ཧ་རི་	ཧ་རི་	NO_POS
ཡ་མ་	ཡ་མ་	NO_POS
སྐྱོང་	སྐྱོང་	VERB
། །		PUNCT
འབྲོག་	འབྲོག་	NOUN
ཆེན་	ཆེན་	NO_POS
འཁོར་	འཁོར་	NOUN
འདུལ་	འདུལ་	NO_POS
རྡོ་རྗེ་	རྡོ་རྗེ་	NOUN
བགེགས་	བགེགས་	NOUN
ཀྱི་	གི་	PART
གཙོ་	གཙོ་	NOUN
།		PUNCT
བདུད་འདུལ་	བདུད་འདུལ་	OTHER
གཙོ་	གཙོ་	NOUN
མོ་	གོ་	PART
ཆེན་	ཆེན་	NO_POS
མོ་	གོ་	PART
བཞི་	བཞི་	NUM
འི་	གི་	PART
། །		PUNCT
གཏུད་		NON_WORD
ལ་	ལ་	PART
འགྲོ་	འགྲོ་	VERB
བཟང་	བཟང་	VERB
མ་	མ་	PART
། །		PUNCT
མི་	མི་	PART
གཡོ་	གཡོ་	VERB
རྡོ་རྗེ་	རྡོ་རྗེ་	NOUN
གླང་	གླང་	NOUN
བཟང་	བཟང་	VERB
མ་	མ་	PART
། །		PUNCT
བཀྲ་ཤིས་	བཀྲ་ཤིས་	NOUN
རྡོ་རྗེ་	རྡོ་རྗེ་	NOUN
ཚེ་	ཚེ་	NOUN
བསྲིང་	བསྲིང་	NO_POS
མ་	མ་	PART
། །		PUNCT
སྟག་གཟིག་	སྟག་གཟིག་	PROPN
རྡོ་རྗེ་	རྡོ་རྗེ་	NOUN
ཁྱུང་	ཁྱུང་	NOUN
མགོ་	མགོ་	NOUN
མ་	མ་	PART
། །		PUNCT
ཆོ་	ཆོ་	NOUN
སྲུངས་	སྲུངས་	VERB
གཙོ་	གཙོ་	NOUN
མོ་	གོ་	PART
ཆེན་	ཆེན་	NO_POS
མོ་	གོ་	PART
བཞི་	བཞི་	NUM
། །		PUNCT
གངས་དཀར་	གངས་དཀར་	NOUN
ཤ་	ཤ་	NOUN
མེད་	མེད་	VERB
རྡོ་རྗེ་	རྡོ་རྗེ་	NOUN
སྤྱན་	སྤྱན་	NOUN
གཅིག་	གཅིག་	NUM
མ་	མ་	PART
། །		PUNCT
གསེར་	གསེར་	NOUN
ཆེན་	ཆེན་	NO_POS
མཁའ་ལྡིང་	མཁའ་ལྡིང་	NOUN
རྡོ་རྗེ་	རྡོ་རྗེ་	NOUN
རླུང་	རླུང་	NOUN
མོ་	གོ་	PART
ཆེ་	ཆེ་	VERB
། །		PUNCT
ཁ་	ཁ་	PRON
རག་	རག་	VERB
ཁྱུང་	ཁྱུང་	NOUN
བཙུན་	བཙུན་	VERB
རྡོ་རྗེ་	རྡོ་རྗེ་	NOUN
དཔལ་	དཔལ་	OTHER
གྱི་	གི་	PART
ཡུམ་	ཡུམ་	NOUN
། །		PUNCT
རྨ་	རྨ་	NOUN
རི་རབ་	རི་རབ་	PROPN
འབྱམས་	འབྱམས་	NO_POS
རྡོ་རྗེ་	རྡོ་རྗེ་	NOUN
གྲག་	གྲག་	VERB
མོ་	གོ་	PART
རྒྱལ་	རྒྱལ་	VERB
། །		PUNCT
གདོན་	གདོན་	NOUN
འདུལ་	འདུལ་	NO_POS
གཙོ་	གཙོ་	NOUN
མོ་	གོ་	PART
ཆེན་	ཆེན་	NO_POS
མོ་	གོ་	PART
བཞི་	བཞི་	NUM
། །		PUNCT
ས་	ས་	ADP
ཏྲི་	ཏྲི་	NO_POS
རྡོ་རྗེ་	རྡོ་རྗེ་	NOUN
འབྲི་	འབྲི་	VERB
བཟངས་	བཟངས་	VERB
མ་	མ་	PART
།		PUNCT
ཏཱག་		NON_WORD
ཤ་	ཤ་	NOUN
དུང་	དུང་	NOUN
གི་	གི་	PART
རྡོ་རྗེ་	རྡོ་རྗེ་	NOUN
སྒོ་མོ་ཆེ་	སྒོ་མོ་ཆེ་	NO_POS
། །		PUNCT
ཆགས་	ཆགས་	VERB
སོ་	གོ་	PART
རྡོ་རྗེ་	རྡོ་རྗེ་	NOUN
སྟོབས་	སྟོབས་	NOUN
མོ་	གོ་	PART
ཆེ་	ཆེ་	VERB
། །		PUNCT
གྷ་		NON_WORD
གྷ་		NON_WORD
རྡོ་རྗེ་	རྡོ་རྗེ་	NOUN
རོལ་མོ་	རོལ་མོ་	NOUN
གྲི་	གྲི་	NOUN
། །		PUNCT
སྒོ་	སྒོ་	NOUN
བཞི་	བཞི་	NUM
སྲུང་བ་	སྲུང་བ་	VERB
འི་	གི་	PART
གཙོ་	གཙོ་	NOUN
མོ་	གོ་	PART
བཞི་	བཞི་	NUM
། །		PUNCT
ཀོང་	ཀོང་	NO_POS
བཙུན་	བཙུན་	VERB
དེ་མོ་	དེ་མོ་	NO_POS
རྡོ་རྗེ་	རྡོ་རྗེ་	NOUN
བོད་	བོད་	PROPN
ཁམས་	ཁམས་	NOUN
སྐྱོངས་	སྐྱོངས་	VERB
། །		PUNCT
བཙན་	བཙན་	VERB
ལ་ལ་	ལ་ལ་	PRON
རོ་	རོ་	NOUN
རྡོ་རྗེ་	རྡོ་རྗེ་	NOUN
སྨན་	སྨན་	NOUN
གཅིག་	གཅིག་	NUM
མ་	མ་	PART
། །		PUNCT
མ་	མ་	PART
བཙུན་	བཙུན་	VERB
ཁུག་	ཁུག་	VERB
ཆོ་	ཆོ་	NOUN
རྡོ་རྗེ་	རྡོ་རྗེ་	NOUN
དབྱར་	དབྱར་	ADV
མོ་	གོ་	PART
བསིལ་	བསིལ་	NO_POS
།		PUNCT
གཡུ་	གཡུ་	NOUN
ཡི་	གི་	PART
སྐེད་	སྐེད་	NO_POS
སྙན་	སྙན་	NOUN
རྡོ་རྗེ་	རྡོ་རྗེ་	NOUN
སི་	སི་	OTHER
ལེ་	ལེ་	NO_POS
མ་	མ་	PART
། །		PUNCT
ཡིད་	ཡིད་	NOUN
འགྱུར་	འགྱུར་	VERB
གྱི་	གི་	PART
གཙོ་	གཙོ་	NOUN
མོ་	གོ་	PART
ཆེན་	ཆེན་	NO_POS
མོ་	གོ་	PART
བཞི་	བཞི་	NUM
། །		PUNCT
ངེད་	ངེད་	PRON
ཀྱིས་	གིས་	PART
ཁྱེད་	ཁྱེད་	PRON
ཏེ་	སྟེ་	PART
མ་	མ་	PART
ཁུལ་	ཁུལ་	NO_POS
ན་	ལ་	PART
། །		PUNCT
རོགས་	རོགས་	OTHER
ཀྱང་	ཀྱང་	PART
མང་	མང་	VERB
དུ་	ལ་	PART
སྦྲན་	སྦྲན་	NO_POS
ནོ་	གོ་	PART
སྐད་	སྐད་	NOUN
། །		PUNCT
རོགས་	རོགས་	OTHER
ཅི་	ཅི་	NO_POS
ལྟ་	ལྟ་	OTHER
སྦྲོན་	སྦྲོན་	VERB
བགྱིས་པ་	བགྱིས་པ་	VERB
ས་	གིས་	PART
། །		PUNCT
སྦས་པ་	སྦས་པ་	VERB
འི་	གི་	PART
ཡུལ་	ཡུལ་	NOUN
གཞི་	གཞི་	NOUN
བསྲུང་བ་	བསྲུང་བ་	VERB
ཡི་	གི་	PART
། །		PUNCT
གཙོ་	གཙོ་	NOUN
མོ་	གོ་	PART
ཆེན་	ཆེན་	NO_POS
མོ་	གོ་	PART
བཞི་	བཞི་	NUM
དང་	དང་	NO_POS
ནི་	ནི་	NO_POS
། །		PUNCT
ཆོས་སྐྱོང་	ཆོས་སྐྱོང་	NOUN
མགོན་པོ་	མགོན་པོ་	NOUN
བེར་ནག་	བེར་ནག་	NO_POS
ཅན་	ཅན་	PART
།		PUNCT
དེ་	དེ་	DET
ས་	གིས་	PART
ཀྱང་	ཀྱང་	PART
ཁུལ་	ཁུལ་	NO_POS
བར་མ་	བར་མ་	ADJ
གྱུར་	གྱུར་	VERB
ན་	ལ་	PART
། །		PUNCT
བར་སྣང་	བར་སྣང་	NOUN
ལྷ་	ལྷ་	NOUN
བྲན་	བྲན་	NOUN
མན་ཆད་	མན་ཆད་	ADV
ན་	ནས་	PART
། །		PUNCT
ས་འོག་	ས་འོག་	OTHER
ལྟོ་འཕྱེ་	ལྟོ་འཕྱེ་	NO_POS
ཡན་ཆོད་	ཡན་ཆོད་	NO_POS
བ་	བ་	NOUN
། །		PUNCT
འཇིག་རྟེན་	འཇིག་རྟེན་	NOUN
སྲིད་པ་	སྲིད་པ་	VERB
གང་ཡང་	གང་ཡང་	NO_POS
ཁུལ་	ཁུལ་	NO_POS
། །		PUNCT
དེ་སྐད་	དེ་སྐད་	NO_POS
ཟེ་	ཟེ་	VERB
ཞིང་	ཅིང་	PART
འདུག་	འདུག་	VERB
ཐོ་	ཐོ་	VERB
ན་	ནས་	PART
། །		PUNCT
འོ་ན་	འོ་ན་	NO_POS
རོགས་	རོགས་	OTHER
བོ་	བོ་	VERB
དང་	དང་	NO_POS
བྱས་པ་	བྱས་པ་	VERB
ས་	གིས་	PART
། །		PUNCT
བུད་མེད་	བུད་མེད་	NOUN
ཆེན་	ཆེན་	NO_POS
མོ་	གོ་	PART
བཞི་	བཞི་	NUM
འོངས་	འོངས་	VERB
ན་	ནས་	PART
། །		PUNCT
བཞི་	བཞི་	NUM
ནི་	ནི་	NO_POS
རྡོ་རྗེ་	རྡོ་རྗེ་	NOUN
ས་	ས་	ADP
དྲི་	དྲི་	NOUN
ཡིན་	ཡིན་	NO_POS
། །		PUNCT
དེ་འོག་	དེ་འོག་	NO_POS
ལི་	ལི་	OTHER
བཙུན་	བཙུན་	VERB
རྡོ་རྗེ་	རྡོ་རྗེ་	NOUN
བུ་	བུ་	NOUN
སྐྱོང་མ་	སྐྱོང་མ་	NO_POS
། །		PUNCT
དེ་འོག་	དེ་འོག་	NO_POS
རྡོ་རྗེ་	རྡོ་རྗེ་	NOUN
ཕུ་ཆུ་	ཕུ་ཆུ་	NO_POS
སྨན་	སྨན་	NOUN
གཅིག་	གཅིག་	NUM
མ་	མ་	PART
། །		PUNCT
དེ་འོག་	དེ་འོག་	NO_POS
རྡོ་རྗེ་	རྡོ་རྗེ་	NOUN
གཡུ་	གཡུ་	NOUN
ཆུང་	ཆུང་	VERB
ལགས་	ལགས་	AUX
། །		PUNCT
སྦས་པ་	སྦས་པ་	VERB
འི་	གི་	PART
ཡུལ་	ཡུལ་	NOUN
བཞི་	བཞི་	NUM
བསྲུང་བ་	བསྲུང་བ་	VERB
འི་	གི་	PART
གཙོ་	གཙོ་	NOUN
མོ་	གོ་	PART
བཞི་	བཞི་	NUM
། །		PUNCT
ཆོས་སྐྱོང་	ཆོས་སྐྱོང་	NOUN
མགོན་པོ་	མགོན་པོ་	NOUN
བེར་ནག་	བེར་ནག་	NO_POS
ཅན་	ཅན་	PART
། །		PUNCT
མྱ་ངན་	མྱ་ངན་	NOUN
མི་འདའ་	མི་འདའ་	NO_POS
སྐུ་	སྐུ་	NOUN
དང་	དང་	NO_POS
གྲིབ་མ་	གྲིབ་མ་	NOUN
ར་	ལ་	PART
སྟོད་	སྟོད་	NOUN
། །		PUNCT
དེ་སྐད་	དེ་སྐད་	NO_POS
ཟེ་	ཟེ་	VERB
ཞིང་	ཅིང་	PART
འདུག་	འདུག་	VERB
ལགས་པ་	ལགས་པ་	AUX
ས་	གིས་	PART
། །		PUNCT
བསྐུལ་	བསྐུལ་	VERB
འདེབས་	འདེབས་	VERB
ཀྱི་	གི་	PART
ཚིགས་	ཚིགས་	NOUN
དེ་	སྟེ་	PART
འདི་སྐད་	འདི་སྐད་	NO_POS
དུ་	ལ་	PART
། །		PUNCT
འགྲོ་	འགྲོ་	VERB
དྲུག་	དྲུག་	NUM
གི་	གི་	PART
སེམས་ཅན་	སེམས་ཅན་	NOUN
སྙིང་	སྙིང་	NOUN
རེ་	རེ་	DET
རྗེ་	རྗེ་	NO_POS
། །		PUNCT
འཁོར་བ་	འཁོར་བ་	NOUN
འི་	གི་	PART
གནས་	གནས་	NOUN
ན་	ལ་	PART
ཉོན་	ཉོན་	VERB
རེ་	རེ་	DET
མོངས་	མོངས་	VERB
། །		PUNCT
སེམས་ཅན་	སེམས་ཅན་	NOUN
གྱི་	གི་	PART
འགྲོ་དོན་	འགྲོ་དོན་	NOUN
བྱ་	བྱ་	VERB
རེ་	རེ་	DET
རན་	རན་	NO_POS
། །		PUNCT
ཞེས་་	ཞེས་པ་	PART
འི་	གི་	PART
ཚིགས་	ཚིགས་	NOUN
དེ་སྐད་	དེ་སྐད་	NO_POS
ཟེ་	ཟེ་	VERB
ཞིང་	ཅིང་	PART
སྣང་བ་	སྣང་བ་	VERB
འི་	གི་	PART
དུས་	དུས་	NOUN
སུ་	ལ་	PART
།		PUNCT
བག་ཆགས་	བག་ཆགས་	NOUN
དང་	དང་	NO_POS
འཕྲུལ་པ་	འཕྲུལ་པ་	VERB
ཡིན་	ཡིན་	NO_POS
སྙམ་	སྙམ་	VERB
ན་	ནས་	PART
།		PUNCT
རྣམ་རྟོག་	རྣམ་རྟོག་	NOUN
བཤིགས་		NON_WORD
ཀྱང་	ཀྱང་	PART
འགྲོ་	འགྲོ་	VERB
ར་	ལ་	PART
མ་	མ་	PART
འདོད་	འདོད་	VERB
།		PUNCT
དེ་ཡང་	དེ་ཡང་	ADV
ཡང་	ཀྱང་	PART
བསྐུལ་	བསྐུལ་	VERB
གྱིན་	གིན་	PART
འདུག་པ་	འདུག་པ་	VERB
འི་	གི་	PART
ཚེ་	ཚེ་	NOUN
།		PUNCT
ཁོ་བོ་	ཁོ་བོ་	PRON
ས་	གིས་	PART
ལན་	ལན་	NOUN
གཞལ་པ་	གཞལ་པ་	VERB
།		PUNCT
བདག་	བདག་	PRON
འཛིན་	འཛིན་	VERB
གྱི་	གི་	PART
རྣམ་རྟོག་	རྣམ་རྟོག་	NOUN
བྲག་	བྲག་	NOUN
བ་	བ་	ADP
སྲ་	སྲ་	VERB
།		PUNCT
ང་རྒྱལ་	ང་རྒྱལ་	NOUN
རི་བོ་	རི་བོ་	NOUN
གནམ་	གནམ་	NOUN
བ་	བ་	ADP
མཐོ་	མཐོ་	VERB
།		PUNCT
འདི་	འདི་	DET
ལ་	ལ་	PART
ཐོས་པ་	ཐོས་པ་	VERB
འི་	གི་	PART
གཟོང་	གཟོང་	NO_POS
བཙུགས་	བཙུགས་	NO_POS
ན་	ནས་	PART
། །		PUNCT
བསྒོམ་པ་	བསྒོམ་པ་	VERB
འི་	གི་	PART
སྒྱོགས་	སྒྱོགས་	NO_POS
གཅིག་	གཅིག་	NUM
བརྒྱབ་	བརྒྱབ་	NO_POS
ལགས་	ལགས་	AUX
ཀྱང་	ཀྱང་	PART
། །		PUNCT
འཇིག་པ་	འཇིག་པ་	VERB
བེས་		NON_WORD
སེར་ག་	སེར་ག་	NO_POS
ཡང་	ཀྱང་	PART
ང་	ང་	OTHER
མ་	མ་	PART
མཐོང་	མཐོང་	VERB
། །		PUNCT
འགྲོ་	འགྲོ་	VERB
དྲུག་	དྲུག་	NUM
ཀུན་	ཀུན་	DET
སྐུ་ཁམས་	སྐུ་ཁམས་	NOUN
ཅི་	ཅི་	NO_POS
བདེ་	བདེ་	VERB
ར་	ལ་	PART
བཞུགས་	བཞུགས་	VERB
། །		PUNCT
ཞིང་སྐྱོང་	ཞིང་སྐྱོང་	NOUN
ཀུན་	ཀུན་	DET
ཅི་	ཅི་	NO_POS
ལྟ་	ལྟ་	OTHER
དགྱེས་དགྱེས་	དགྱེས་དགྱེས་	NO_POS
མཛོད་	མཛོད་	NOUN
། །		PUNCT
ཅེས་	ཅེས་	PART
སྨྲས་པ་	སྨྲས་པ་	VERB
ས་	གིས་	PART
།		PUNCT
བར་སྣང་	བར་སྣང་	NOUN
གི་	གི་	PART
ལྷ་	ལྷ་	NOUN
བྲན་	བྲན་	NOUN
མན་ཆད་	མན་ཆད་	ADV
དང་	དང་	NO_POS
། །		PUNCT
ས་འོག་	ས་འོག་	OTHER
གི་	གི་	PART
ཀླུ་	ཀླུ་	NOUN
དང་	དང་	NO_POS
ལྟོ་འཕྱེ་	ལྟོ་འཕྱེ་	NO_POS
ཡན་ཆད་	ཡན་ཆད་	ADV
ཐམས་ཅད་	ཐམས་ཅད་	DET
ཚོགས་	ཚོགས་	NOUN
ན་	ནས་	PART
།		PUNCT
ཕྱག་	ཕྱག་	NOUN
ཕྱོགས་མེད་པ་	ཕྱོགས་མེད་པ་	ADJ
ཐམས་ཅད་	ཐམས་ཅད་	DET
ན་	ནས་	PART
ཕུལ་	ཕུལ་	VERB
ཏེ་	སྟེ་	PART
།		PUNCT
ཡང་	ཀྱང་	PART
འདི་སྐད་	འདི་སྐད་	NO_POS
དུ་	ལ་	PART
།		PUNCT
གསོན་	གསོན་	VERB
དང་	དང་	NO_POS
རྒྱལ་སྲས་	རྒྱལ་སྲས་	NOUN
ལྷ་	ལྷ་	NOUN
ཡི་	གི་	PART
བུ་	བུ་	NOUN
། །		PUNCT
ལྷ་	ལྷ་	NOUN
ལྟུང་བ་	ལྟུང་བ་	VERB
འི་	གི་	PART
སྡུག་བསྔལ་	སྡུག་བསྔལ་	NOUN
བཟོད་	བཟོད་	VERB
གླགས་	གླགས་	VERB
མེད་	མེད་	VERB
། །		PUNCT
ལྷ་མ་	ལྷ་མ་	PROPN
ཡིན་	ཡིན་	NO_POS
འཐབ་རྩོད་	འཐབ་རྩོད་	NOUN
ཀྱི་	གི་	PART
སྡུག་བསྔལ་	སྡུག་བསྔལ་	NOUN
ཉོན་	ཉོན་	VERB
རེ་	རེ་	DET
མོངས་	མོངས་	VERB
། །		PUNCT
མི་	མི་	PART
སྐྱེ་	སྐྱེ་	NOUN
ཤི་	ཤི་	VERB
འི་	གི་	PART
སྡུག་བསྔལ་	སྡུག་བསྔལ་	NOUN
བསམ་	བསམ་	NOUN
ལ་	ལ་	ADP
ས་	གིས་	PART
འདའ་	འདའ་	VERB
། །		PUNCT
བྱོལ་སོང་	བྱོལ་སོང་	NOUN
གླེན་	གླེན་	VERB
རྨུགས་	རྨུགས་	NO_POS
ཀྱི་	གི་	PART
སྡུག་བསྔལ་	སྡུག་བསྔལ་	NOUN
རྒྱ་	རྒྱ་	NOUN
རེ་	རེ་	DET
ཆེ་	ཆེ་	VERB
། །		PUNCT
ཡི་དྭགས་	ཡི་དྭགས་	NOUN
བཀྲེས་སྐོམ་	བཀྲེས་སྐོམ་	NOUN
གྱི་	གི་	PART
སྡུག་བསྔལ་	སྡུག་བསྔལ་	NOUN
བསམ་	བསམ་	NOUN
ལ་	ལ་	ADP
ས་	གིས་	PART
འདའ་	འདའ་	VERB
།		PUNCT
དམྱལ་བ་	དམྱལ་བ་	NOUN
ཚ་གྲང་	ཚ་གྲང་	NOUN
གི་	གི་	PART
སྡུག་བསྔལ་	སྡུག་བསྔལ་	NOUN
སུན་	སུན་	NO_POS
ཡི་	གིས་	PART
ཐེབས་	ཐེབས་	VERB
། །		PUNCT
སངས་རྒྱས་	སངས་རྒྱས་	NOUN
ཀྱི་	གི་	PART
བསྟན་པ་	བསྟན་པ་	VERB
སུན་	སུན་	NO_POS
ཁ་	ཁ་	PRON
ས་	གིས་	PART
འཛིན་	འཛིན་	VERB
།		PUNCT
འགྲོ་	འགྲོ་	VERB
དྲུག་	དྲུག་	NUM
གི་	གི་	PART
ཕ་མ་	ཕ་མ་	NOUN
སུ་	ལ་	PART
ཁ་	ཁ་	PRON
ས་	གིས་	PART
བྱེད་	བྱེད་	VERB
། །		PUNCT
དཀོན་མཆོག་	དཀོན་མཆོག་	NOUN
གི་	གི་	PART
དབུ་འཕང་	དབུ་འཕང་	NOUN
སུ་	ལ་	PART
ཁ་	ཁ་	PRON
ས་	གིས་	PART
བསྟོད་	བསྟོད་	VERB
། །		PUNCT
ཀྱི་ཧུད་	ཀྱི་ཧུད་	INTJ
ཀྱི་ཧུད་	ཀྱི་ཧུད་	INTJ
སྡུག་	སྡུག་	VERB
རེ་	རེ་	DET
བསྔལ་	བསྔལ་	VERB
། །		PUNCT
ཟེ་	ཟེ་	VERB
ཞིང་	ཅིང་	PART
སྡུག་བསྔལ་	སྡུག་བསྔལ་	NOUN
བྱེད་པ་	བྱེད་པ་	VERB
མཐོང་	མཐོང་	VERB
།		PUNCT
དེ་ནས་	དེ་ནས་	NO_POS
ཁོང་	ཁོང་	PRON
རྣམས་	རྣམས་	DET
སྡུག་བསྔལ་བ་	སྡུག་བསྔལ་བ་	NOUN
འི་	གི་	PART
ཡུལ་	ཡུལ་	NOUN
དུ་	ལ་	PART
མཐོང་	མཐོང་	VERB
ན་	ནས་	PART
།		PUNCT
ཁོང་	ཁོང་	PRON
རྣམས་	རྣམས་	DET
ལ་	ལ་	PART
ལན་	ལན་	NOUN
གཞལ་བ་	གཞལ་བ་	VERB
ནི་	ནི་	NO_POS
།		PUNCT
སྤྱི་		
རྒྱལ་བ་	རྒྱལ་བ་	NOUN
འི་	གི་	PART
ཞིང་ཁམས་	ཞིང་ཁམས་	NOUN
བསམ་	བསམ་	NOUN
མི་	མི་	PART
ཁྱབ་	ཁྱབ་	VERB
།		PUNCT
སྒོ་	སྒོ་	ADV
ཁྱད་པར་	ཁྱད་པར་	NOUN
འཛམ་བུ་	འཛམ་བུ་	NOUN
འི་	གི་	PART
གླིང་	གླིང་	NOUN
ཤེད་	ཤེད་	NOUN
ན་	ནས་	PART
། །		PUNCT
དགེ་བཤེས་	དགེ་བཤེས་	NOUN
གྲང་	གྲང་	VERB
ལ་	ལ་	ADP
ས་	གིས་	PART
འདས་པ་	འདས་པ་	VERB
།		PUNCT
ཆོས་མཛད་	ཆོས་མཛད་	PROPN
བསམ་	བསམ་	NOUN
གྱིས་	གིས་	PART
མི་	མི་	PART
ཁྱབ་པ་	ཁྱབ་པ་	VERB
ས་	གིས་	PART
། །		PUNCT
ལུང་བསྟན་	ལུང་བསྟན་	NOUN
གྱི་	གི་	PART
རྒྱལ་ཚབ་	རྒྱལ་ཚབ་	NOUN
གཞན་	གཞན་	DET
དུ་	ལ་	PART
ཚོལ་	ཚོལ་	VERB
། །		PUNCT
འགྲོ་	འགྲོ་	VERB
དྲུག་	དྲུག་	NUM
གི་	གི་	PART
ཕ་མ་	ཕ་མ་	NOUN
དེ་	སྟེ་	PART
རུ་	ལ་	PART
ཚོལ་	ཚོལ་	VERB
། །		PUNCT
སངས་རྒྱས་	སངས་རྒྱས་	NOUN
ཀྱི་	གི་	PART
བསྟན་པ་	བསྟན་པ་	VERB
ཆོས་མཛད་	ཆོས་མཛད་	PROPN
ཚོ་	ཚོ་	DET
ཡི་	གིས་	PART
སྲུངས་	སྲུངས་	VERB
། །		PUNCT
དཀོན་མཆོག་	དཀོན་མཆོག་	NOUN
གི་	གི་	PART
དབུ་འཕང་	དབུ་འཕང་	NOUN
ཞིང་སྐྱོང་	ཞིང་སྐྱོང་	NOUN
ཚོ་	ཚོ་	DET
ཡི་	གིས་	PART
སྟོད་	སྟོད་	NOUN
། །		PUNCT
འགྲོ་	འགྲོ་	VERB
དྲུག་	དྲུག་	NUM
གི་	གི་	PART
ཕ་མ་	ཕ་མ་	NOUN
དགེ་བཤེས་	དགེ་བཤེས་	NOUN
ཚོ་	ཚོ་	DET
ཡི་	གིས་	PART
མཛོད་	མཛོད་	NOUN
། །		PUNCT
ཁྱེད་	ཁྱེད་	PRON
རང་	རང་	PRON
ཚོ་	ཚོ་	DET
ཅི་	ཅི་	NO_POS
ལྟ་	ལྟ་	OTHER
དགའ་	དགའ་	VERB
དགའ་	དགའ་	VERB
གྱིས་	གིས་	PART
། །		PUNCT
ཁོ་བོ་	ཁོ་བོ་	PRON
ས་	གིས་	PART
དེ་སྐད་	དེ་སྐད་	NO_POS
ཅེས་	ཅེས་	PART
སྨྲས་པ་	སྨྲས་པ་	VERB
ས་	གིས་	PART
།		PUNCT
ཡང་	ཀྱང་	PART
མཁའ་འགྲོ་	མཁའ་འགྲོ་	NOUN
རྣམས་	རྣམས་	DET
ཀྱིས་	གིས་	PART
འདི་སྐད་	འདི་སྐད་	NO_POS
དུ་	ལ་	PART
།		PUNCT
དགེ་བཤེས་	དགེ་བཤེས་	NOUN
ཚོ་	ཚོ་	DET
ཕྲག་དོག་	ཕྲག་དོག་	NOUN
ཆེ་བ་	ཆེ་བ་	VERB
དང་	དང་	NO_POS
། །		PUNCT
ཆོས་པ་	ཆོས་པ་	NOUN
ཚོ་	ཚོ་	DET
འགྲན་སེམས་	འགྲན་སེམས་	NO_POS
ཆེ་བ་	ཆེ་བ་	VERB
ཡི་	གིས་	PART
།		PUNCT
འགྲོ་	འགྲོ་	VERB
དྲུག་	དྲུག་	NUM
ཚོ་	ཚོ་	DET
རྒྱུད་	རྒྱུད་	NOUN
ངན་	ངན་	VERB
རིངས་པ་	རིངས་པ་	VERB
དང་	དང་	NO_POS
། །		PUNCT
ཕན་པ་	ཕན་པ་	VERB
འི་	གི་	PART
ཐབས་	ཐབས་	NOUN
ཀྱང་	ཀྱང་	PART
མི་	མི་	PART
གདའ་	གདའ་	VERB
བ་	བ་	ADP
། །		PUNCT
མི་	མི་	PART
ཁྱོད་	ཁྱོད་	PRON
ལ་	ལ་	PART
བསྐུལ་མ་	བསྐུལ་མ་	NOUN
ཅིས་ཀྱང་	ཅིས་ཀྱང་	NO_POS
འདེབས་	འདེབས་	VERB
།		PUNCT
མཁའ་འགྲོ་	མཁའ་འགྲོ་	NOUN
མ་	མ་	PART
རྣམས་	རྣམས་	DET
ཀྱིས་	གིས་	PART
དེ་སྐད་	དེ་སྐད་	NO_POS
ཟེར་བ་	ཟེར་བ་	VERB
དང་	དང་	NO_POS
།		PUNCT
ཁོང་	ཁོང་	PRON
རྣམས་	རྣམས་	DET
ཀྱི་	གི་	PART
ལན་	ལན་	NOUN
གཞལ་བ་	གཞལ་བ་	VERB
།		PUNCT
དལ་འབྱོར་	དལ་འབྱོར་	NOUN
གྱི་	གི་	PART
མི་ལུས་	མི་ལུས་	NOUN
བླངས་པ་	བླངས་པ་	VERB
མི་	མི་	PART
བདོག་	བདོག་	VERB
ལགས་	ལགས་	AUX
། །		PUNCT
མཚན་ལྡན་	མཚན་ལྡན་	ADJ
གྱི་	གི་	PART
བླ་མ་	བླ་མ་	NOUN
རྙེད་པ་	རྙེད་པ་	VERB
ར་	ལ་	PART
དཀའ་	དཀའ་	VERB
། །		PUNCT
སྙིགས་དུས་	སྙིགས་དུས་	OTHER
ཀྱི་	གི་	PART
མངལ་	མངལ་	NOUN
དེ་	སྟེ་	PART
གྲིབ་	གྲིབ་	NOUN
རེ་	རེ་	DET
ཆེ་	ཆེ་	VERB
། །		PUNCT
འདའ་	འདའ་	VERB
མ་འོངས་	མ་འོངས་	NOUN
ཀྱི་	གི་	PART
སེམས་ཅན་	སེམས་ཅན་	NOUN
ལ་	ལ་	PART
འགྲོ་དོན་	འགྲོ་དོན་	NOUN
བྱ་བ་	བྱ་བ་	VERB
དཀའ་	དཀའ་	VERB
། །		PUNCT
ལ་	ལ་	ADP
ར་	ལ་	PART
ཁྱེད་	ཁྱེད་	PRON
དེ་སྐད་	དེ་སྐད་	NO_POS
ཟེར་བ་	ཟེར་བ་	VERB
འི་	གི་	PART
ཏིང་	ཏིང་	NOUN
ཤེད་	ཤེད་	NOUN
ལ་	ལ་	PART
། །		PUNCT
རིགས་ལྡན་	རིགས་ལྡན་	PROPN
གྱི་	གི་	PART
ཕ་མ་	ཕ་མ་	NOUN
རྙེད་	རྙེད་	VERB
སྲིད་	སྲིད་	NOUN
ན་	ནས་	PART
། །		PUNCT
མཚན་ལྡན་	མཚན་ལྡན་	ADJ
གྱི་	གི་	PART
བླ་མ་	བླ་མ་	NOUN
དང་	དང་	NO_POS
མཇལ་བ་	མཇལ་བ་	VERB
ན་	ལ་	PART
། །		PUNCT
ཞིང་སྐྱོང་	ཞིང་སྐྱོང་	NOUN
ཀུན་	ཀུན་	DET
ཀྱིས་	གིས་	PART
ཆོས་སྐྱོང་	ཆོས་སྐྱོང་	NOUN
བྱེད་	བྱེད་	VERB
ལགས་	ལགས་	AUX
ན་	ལ་	PART
། །		PUNCT
དབང་	དབང་	NOUN
དང་	དང་	NO_POS
བསྲེ་བ་	བསྲེ་བ་	VERB
རྫོགས་པ་	རྫོགས་པ་	VERB
ར་	ལ་	PART
ཞུ་	ཞུ་	VERB
། །		PUNCT
བརྡ་	བརྡ་	NOUN
དང་	དང་	NO_POS
བྱིན་རླབས་	བྱིན་རླབས་	NOUN
རྫོགས་པ་	རྫོགས་པ་	VERB
ར་	ལ་	PART
ཞུ་	ཞུ་	VERB
། །		PUNCT
ཁོ་བོ་	ཁོ་བོ་	PRON
ས་	གིས་	PART
དེ་སྐད་	དེ་སྐད་	NO_POS
ཅེས་	ཅེས་	PART
སྨྲས་པ་	སྨྲས་པ་	VERB
འོ་	གོ་	PART
། །		PUNCT
དེ་ནས་	དེ་ནས་	NO_POS
མཁའ་འགྲོ་	མཁའ་འགྲོ་	NOUN
མ་	མ་	PART
རྣམས་	རྣམས་	DET
ཀྱིས་	གིས་	PART
།		PUNCT
བདེ་མཆོག་	བདེ་མཆོག་	PROPN
ལྷ་	ལྷ་	NOUN
དྲུག་ཅུ་	དྲུག་ཅུ་	NUM
རྩ་	རྩ་	NUM
གཉིས་	གཉིས་	NUM
ཀྱི་	གི་	PART
དཀྱིལ་འཁོར་	དཀྱིལ་འཁོར་	NOUN
བཞེངས་	བཞེངས་	NO_POS
ན་	ནས་	PART
། །		PUNCT
ལྷ་དབང་	ལྷ་དབང་	OTHER
བསམ་	བསམ་	NOUN
གྱིས་	གིས་	PART
མི་	མི་	PART
ཁྱབ་པ་	ཁྱབ་པ་	VERB
བསྐུར་	བསྐུར་	NO_POS
། །		PUNCT
ཨཱ་ལི་	ཨཱ་ལི་	NOUN
ཀཱ་ལི་	ཀཱ་ལི་	OTHER
འི་	གི་	PART
གླེགས་བམ་	གླེགས་བམ་	NOUN
མང་	མང་	VERB
དུ་	ལ་	PART
བཀོད་	བཀོད་	VERB
ན་	ནས་	PART
། །		PUNCT
རིག་པ་	རིག་པ་	VERB
ཡེ་ཤེས་	ཡེ་ཤེས་	NOUN
ལྔ་	ལྔ་	NUM
འི་	གི་	PART
དབང་	དབང་	NOUN
འདི་སྐད་	འདི་སྐད་	NO_POS
། །		PUNCT
དབང་པོ་	དབང་པོ་	NOUN
ལྔ་	ལྔ་	NUM
ལ་	ལ་	PART
ངོ་	གོ་	PART
སྤྲད་	སྤྲད་	NO_POS
ན་	ནས་	PART
ཕ་རོལ་	ཕ་རོལ་	NOUN
དུ་	ལ་	PART
ཕྱིན་པ་	ཕྱིན་པ་	VERB
འི་	གི་	PART
དོན་	དོན་	NOUN
དབང་	དབང་	NOUN
ཡིན་སྐད་	ཡིན་སྐད་	NO_POS
།		PUNCT
སྐྱེ་	སྐྱེ་	NOUN
མེད་	མེད་	VERB
དོན་	དོན་	NOUN
རྟོགས་	རྟོགས་	VERB
ཀྱི་	གི་	PART
དབང་	དབང་	NOUN
འདི་	འདི་	DET
ནི་	ནི་	NO_POS
། །		PUNCT
ཚིགས་	ཚིགས་	NOUN
སུ་	ལ་	PART
བསྐུར་	བསྐུར་	NO_POS
དུ་	ལ་	PART
ཚིགས་	ཚིགས་	NOUN
ལམ་	གམ་	PART
ཆད་	ཆད་	VERB
། །		PUNCT
བ་	བ་	NOUN
ཡི་	གིས་	PART
མཚོན་	མཚོན་	NOUN
དུ་	ལ་	PART
བརྡ་	བརྡ་	NOUN
ལམ་	གམ་	PART
ཆད་	ཆད་	VERB
། །		PUNCT
དཔེ་	དཔེ་	NOUN
ཡི་	གིས་	PART
མཚོན་	མཚོན་	NOUN
དུ་	ལ་	PART
དཔེ་	དཔེ་	NOUN
ལམ་	གམ་	PART
ཆད་	ཆད་	VERB
། །		PUNCT
འཁྲུལ་པ་	འཁྲུལ་པ་	NO_POS
ས་	གིས་	PART
མཚོན་	མཚོན་	NOUN
དུ་	ལ་	PART
འཁྲུལ་	འཁྲུལ་	NO_POS
ལམ་	གམ་	PART
ཆད་	ཆད་	VERB
། །		PUNCT
དབང་	དབང་	NOUN
འདི་	འདི་	DET
སུ་	སུ་	ADP
ས་	གིས་	PART
ཀྱང་	ཀྱང་	PART
བསྐུར་	བསྐུར་	NO_POS
དུ་	ལ་	PART
མི་འདོད་པ་	མི་འདོད་པ་	NO_POS
ས་	གིས་	PART
། །		PUNCT
ངེད་	ངེད་	PRON
ཀྱིས་	གིས་	PART
ཞལ་ཆེམས་	ཞལ་ཆེམས་	NOUN
མཚོན་མ་	མཚོན་མ་	NO_POS
བཏུབ་		NON_WORD
། །		PUNCT
རང་	རང་	PRON
ལ་	ལ་	PART
ལྷང་ངེ་	ལྷང་ངེ་	ADJ
ལྷམ་མེར་	ལྷམ་མེར་	ADJ
འཆར་	འཆར་	NO_POS
། །		PUNCT
ས་ལེ་	ས་ལེ་	ADV
སིང་	སིང་	NO_POS
ངེ་	ངེ་	NO_POS
ཧྲིག་	ཧྲིག་	NO_POS
གེར་	གེར་	NO_POS
འཆར་	འཆར་	NO_POS
། །		PUNCT
ཝ་ལེ་	ཝ་ལེ་	ADV
ཁྱུག་	ཁྱུག་	NO_POS
གེ་	གེ་	NO_POS
ལམ་	གམ་	PART
མེ་	མེ་	NOUN
ར་	ལ་	PART
འཆར་	འཆར་	NO_POS
། །		PUNCT
འཁོར་འདས་	འཁོར་འདས་	NOUN
ཀྱི་	གི་	PART
སྣང་བ་	སྣང་བ་	VERB
མ་	མ་	PART
ནུབ་	ནུབ་	ADV
ཀྱང་	ཀྱང་	PART
། །		PUNCT
སངས་རྒྱས་	སངས་རྒྱས་	NOUN
ཀྱི་	གི་	PART
འཕྲིན་ལས་	འཕྲིན་ལས་	NOUN
རྫོགས་པ་	རྫོགས་པ་	VERB
ར་	ལ་	PART
འབྱུང་	འབྱུང་	VERB
། །		PUNCT
སེམས་ཅན་	སེམས་ཅན་	NOUN
གྱི་	གི་	PART
འགྲོ་དོན་	འགྲོ་དོན་	NOUN
དེ་	སྟེ་	PART
རུ་	ལ་	PART
གྲུབ་	གྲུབ་	VERB
།		PUNCT
ཅེས་	ཅེས་	PART
གསུངས་	གསུངས་	VERB
ན་	ནས་	PART
།		PUNCT
དབང་	དབང་	NOUN
དང་	དང་	NO_POS
བྱིན་རླབས་	བྱིན་རླབས་	NOUN
བསམ་	བསམ་	NOUN
གྱིས་	གིས་	PART
མི་	མི་	PART
ཁྱབ་པ་	ཁྱབ་པ་	VERB
མཛད་	མཛད་	VERB
དོ་	གོ་	PART
། །		PUNCT
དེ་ནས་	དེ་ནས་	NO_POS
མཁའ་འགྲོ་	མཁའ་འགྲོ་	NOUN
མ་	མ་	PART
རྣམས་	རྣམས་	DET
ཀྱིས་	གིས་	PART
བཀྲ་ཤིས་	བཀྲ་ཤིས་	NOUN
ཀྱི་	གི་	PART
ཚིགས་	ཚིགས་	NOUN
སུ་	ལ་	PART
བཅད་པ་	བཅད་པ་	VERB
བརྗོད་པ་	བརྗོད་པ་	VERB
ནི་	ནི་	NO_POS
།		PUNCT
ཐམས་ཅད་	ཐམས་ཅད་	DET
མགྲིན་	མགྲིན་	NOUN
གཅིག་	གཅིག་	NUM
ཏུ་	ལ་	PART
བསྡེབས་	བསྡེབས་	NO_POS
ན་	ནས་	PART
།		PUNCT
འདི་སྐད་	འདི་སྐད་	NO_POS
དུ་	ལ་	PART
། །		PUNCT
གདུགས་	གདུགས་	NOUN
དང་	དང་	NO_POS
ཞ་	ཞ་	OTHER
བུ་	བུ་	NOUN
བསིལ་ཡབ་	བསིལ་ཡབ་	NO_POS
དང་	དང་	NO_POS
། །		PUNCT
རིག་པ་	རིག་པ་	VERB
དངས་པ་	དངས་པ་	NON_WORD
ར་	ལ་	PART
བྱེད་པ་	བྱེད་པ་	VERB
འདི་	འདི་	DET
། །		PUNCT
དབུ་	དབུ་	NOUN
གདུགས་	གདུགས་	NOUN
ལྟ་བུ་	ལྟ་བུ་	NOUN
འི་	གི་	PART
བཀྲ་ཤིས་	བཀྲ་ཤིས་	NOUN
གང་	གང་	NO_POS
ལགས་པ་	ལགས་པ་	AUX
། །		PUNCT
བཀྲ་ཤིས་	བཀྲ་ཤིས་	NOUN
དམ་པ་	དམ་པ་	VERB
དེ་	དེ་	DET
ས་	གིས་	PART
ཀྱང་	ཀྱང་	PART
དེང་	དེང་	ADV
འདི་	འདི་	DET
ར་	ལ་	PART
བདེ་ལེགས་	བདེ་ལེགས་	NOUN
ཤོག་	ཤོག་	VERB
།		PUNCT
གསེར་ཉ་	གསེར་ཉ་	NOUN
ཡེ་ཤེས་	ཡེ་ཤེས་	NOUN
སྤྱན་	སྤྱན་	NOUN
དང་	དང་	NO_POS
གསལ་བ་	གསལ་བ་	VERB
ཡི་	གི་	PART
། །		PUNCT
ཉི་ཟླ་	ཉི་ཟླ་	NOUN
ལྟ་བུ་	ལྟ་བུ་	NOUN
ས་	གིས་	PART
མ་རིག་	མ་རིག་	NOUN
མུན་པ་	མུན་པ་	NOUN
སེལ་	སེལ་	VERB
མཛད་པ་	མཛད་པ་	VERB
།		PUNCT
སྤྱན་	སྤྱན་	NOUN
གཉིས་	གཉིས་	NUM
ལྟ་བུ་	ལྟ་བུ་	NOUN
འི་	གི་	PART
བཀྲ་ཤིས་	བཀྲ་ཤིས་	NOUN
གང་	གང་	NO_POS
ལགས་པ་	ལགས་པ་	AUX
། །		PUNCT
བཀྲ་ཤིས་	བཀྲ་ཤིས་	NOUN
དམ་པ་	དམ་པ་	VERB
དེ་	དེ་	DET
ས་	གིས་	PART
ཀྱང་	ཀྱང་	PART
དེང་	དེང་	ADV
འདི་	འདི་	DET
ར་	ལ་	PART
བདེ་ལེགས་	བདེ་ལེགས་	NOUN
ཤོག་	ཤོག་	VERB
།		PUNCT
སྙན་	སྙན་	NOUN
དྲིལ་	དྲིལ་	VERB
པིང་		NON_WORD
ཝང་	ཝང་	NO_POS
གླིང་བུ་	གླིང་བུ་	NOUN
རོལ་མོ་	རོལ་མོ་	NOUN
འི་	གི་	PART
སྒྲ་	སྒྲ་	NOUN
། །		PUNCT
རིག་པ་	རིག་པ་	VERB
གཟིངས་	གཟིངས་	NOUN
བསྟོད་	བསྟོད་	VERB
ལྟ་བུ་	ལྟ་བུ་	NOUN
ར་	ལ་	PART
གྱུར་པ་	གྱུར་པ་	VERB
ཡི་	གི་	PART
།		PUNCT
སྙན་	སྙན་	NOUN
དྲིལ་	དྲིལ་	VERB
ལྟ་བུ་	ལྟ་བུ་	NOUN
འི་	གི་	PART
བཀྲ་ཤིས་	བཀྲ་ཤིས་	NOUN
གང་	གང་	NO_POS
ལགས་པ་	ལགས་པ་	AUX
། །		PUNCT
བཀྲ་ཤིས་	བཀྲ་ཤིས་	NOUN
དམ་པ་	དམ་པ་	VERB
དེ་	དེ་	DET
ས་	གིས་	PART
ཀྱང་	ཀྱང་	PART
༴		PUNCT
དབུ་	དབུ་	NOUN
ལ་	ལ་	PART
ཤང་	ཤང་	NO_POS
སྤོས་དྲི་	སྤོས་དྲི་	NO_POS
ཞིམ་	ཞིམ་	VERB
རྣམ་པ་	རྣམ་པ་	NOUN
སྣ་ཚོགས་	སྣ་ཚོགས་	DET
དང་	དང་	NO_POS
། །		PUNCT
དབང་པོ་	དབང་པོ་	NOUN
དག་	དག་	DET
ཅིང་	ཅིང་	PART
གསལ་བ་	གསལ་བ་	VERB
ར་	ལ་	PART
གྱུར་པ་	གྱུར་པ་	VERB
འདི་	འདི་	DET
ཡི་	གི་	PART
།		PUNCT
ཤང་	ཤང་	NO_POS
སྤོ་	སྤོ་	NOUN
༴		PUNCT
བཀྲ་ཤིས་	བཀྲ་ཤིས་	NOUN
དམ་པ་	དམ་པ་	VERB
དེ་	དེ་	DET
ས་	གིས་	PART
ཀྱང་	ཀྱང་	PART
༴		PUNCT
ཚེམ་	ཚེམ་	NO_POS
དུང་	དུང་	NOUN
རུས་པ་	རུས་པ་	NOUN
མཁྲེགས་པ་	མཁྲེགས་པ་	NO_POS
ར་	ལ་	PART
བྱེད་པ་	བྱེད་པ་	VERB
ཡི་	གི་	PART
།		PUNCT
སྨན་	སྨན་	NOUN
དང་	དང་	NO_POS
རྩི་	རྩི་	NOUN
རུ་	ལ་	PART
གྱུར་པ་	གྱུར་པ་	VERB
གང་ཡིན་པ་	གང་ཡིན་པ་	NO_POS
།		PUNCT
ཚེམ་	ཚེམ་	NO_POS
དུང་	དུང་	NOUN
ལྟ་བུ་	ལྟ་བུ་	NOUN
འི་	གི་	PART
བཀྲ་ཤིས་	བཀྲ་ཤིས་	NOUN
གང་	གང་	NO_POS
ལགས་པ་	ལགས་པ་	AUX
། །		PUNCT
བཀྲ་ཤིས་	བཀྲ་ཤིས་	NOUN
དམ་པ་	དམ་པ་	VERB
༴		PUNCT
ལྗགས་	ལྗགས་	NOUN
ལ་	ལ་	PART
པད་མ་	པད་མ་	NOUN
སྦྲང་རྩི་	སྦྲང་རྩི་	NOUN
དང་	དང་	NO_POS
། །		PUNCT
ཚིགས་	ཚིགས་	NOUN
དང་	དང་	NO_POS
སྙན་ངག་	སྙན་ངག་	NOUN
བདེ་བ་	བདེ་བ་	VERB
ར་	ལ་	PART
འགྱུར་པ་	འགྱུར་པ་	VERB
ཡི་	གི་	PART
། །		PUNCT
ལྗགས་	ལྗགས་	NOUN
པད་མ་	པད་མ་	NOUN
ལྟ་བུ་	ལྟ་བུ་	NOUN
འི་	གི་	PART
བཀྲ་ཤིས་	བཀྲ་ཤིས་	NOUN
གང་	གང་	NO_POS
ལགས་པ་	ལགས་པ་	AUX
།		PUNCT
བཀྲ་ཤིས་	བཀྲ་ཤིས་	NOUN
དམ་པ་	དམ་པ་	VERB
༴		PUNCT
མགུ་	མགུ་	NOUN
བུམ་	བུམ་	NOUN
རིན་ཆེན་	རིན་ཆེན་	OTHER
སྣོད་	སྣོད་	NOUN
དང་	དང་	NO_POS
ནི་	ནི་	NO_POS
།		PUNCT
བདུད་རྩི་	བདུད་རྩི་	NOUN
ཞལ་ཟས་	ཞལ་ཟས་	NOUN
སྐོམ་པ་	སྐོམ་པ་	VERB
སེལ་	སེལ་	VERB
ཡིན་བ་	ཡིན་བ་	NO_POS
འི་	གི་	PART
མཆོག་	མཆོག་	ADJ
འགུར་	འགུར་	NO_POS
བུམ་	བུམ་	NOUN
ལྟ་བུ་	ལྟ་བུ་	NOUN
འི་	གི་	PART
བཀྲ་ཤིས་	བཀྲ་ཤིས་	NOUN
གང་	གང་	NO_POS
ལགས་པ་	ལགས་པ་	AUX
། །		PUNCT
བཀྲ་ཤིས་	བཀྲ་ཤིས་	NOUN
དམ་པ་	དམ་པ་	VERB
༴		PUNCT
ཕྱག་	ཕྱག་	NOUN
འཕྲུལ་	འཕྲུལ་	VERB
ཡི་གེ་	ཡི་གེ་	NOUN
བྲི་	བྲི་	NO_POS
དང་	དང་	NO_POS
བཟོ་	བཟོ་	NO_POS
རྒྱུད་	རྒྱུད་	NOUN
སྣ་ཚོགས་	སྣ་ཚོགས་	DET
དང་	དང་	NO_POS
། །		PUNCT
དགོས་འདོད་	དགོས་འདོད་	NOUN
སྣ་ཚོགས་	སྣ་ཚོགས་	DET
འབྱུང་བ་	འབྱུང་བ་	VERB
ར་	ལ་	PART
བྱེད་པ་	བྱེད་པ་	VERB
ཡི་	གི་	PART
།		PUNCT
ཕྱག་	ཕྱག་	NOUN
འཕྲུལ་	འཕྲུལ་	VERB
ལྟ་བུ་	ལྟ་བུ་	NOUN
འི་	གི་	PART
བཀྲ་ཤིས་	བཀྲ་ཤིས་	NOUN
གང་	གང་	NO_POS
ལགས་པ་	ལགས་པ་	AUX
། །		PUNCT
བཀྲ་ཤིས་	བཀྲ་ཤིས་	NOUN
དམ་པ་	དམ་པ་	VERB
དེ་	དེ་	DET
ས་	གིས་	PART
ཀྱང་	ཀྱང་	PART
༴		PUNCT
ཐུགས་	ཐུགས་	NOUN
ལ་	ལ་	PART
དཔལ་བེའུ་	དཔལ་བེའུ་	NOUN
སྔ་མ་	སྔ་མ་	ADJ
ཕྱི་མཐའ་	ཕྱི་མཐའ་	NO_POS
དྲན་	དྲན་	VERB
། །		PUNCT
བརྗེད་པ་	བརྗེད་པ་	VERB
མེད་པ་	མེད་པ་	VERB
འི་	གི་	PART
རིག་པ་	རིག་པ་	VERB
གསལ་བ་	གསལ་བ་	VERB
དང་	དང་	NO_POS
།		PUNCT
ཐུགས་	ཐུགས་	NOUN
དེ་	སྟེ་	PART
དཔལ་འབར་	དཔལ་འབར་	PROPN
ལྟ་བུ་	ལྟ་བུ་	NOUN
འི་	གི་	PART
བཀྲ་ཤིས་	བཀྲ་ཤིས་	NOUN
གང་	གང་	NO_POS
ལགས་པ་	ལགས་པ་	AUX
།		PUNCT
བཀྲ་ཤིས་	བཀྲ་ཤིས་	NOUN
དམ་པ་	དམ་པ་	VERB
དེ་	དེ་	DET
ས་	གིས་	PART
ཀྱང་	ཀྱང་	PART
༴ །		PUNCT
སྐུ་	སྐུ་	NOUN
ནི་	ནི་	NO_POS
རྒྱལ་མཚན་	རྒྱལ་མཚན་	NOUN
སྟག་གཟིག་	སྟག་གཟིག་	PROPN
གོ་	གོ་	NOUN
དང་	དང་	NO_POS
ལྡན་	ལྡན་	VERB
། །		PUNCT
མི་	མི་	PART
ནུབ་	ནུབ་	ADV
རྒྱལ་མཚན་	རྒྱལ་མཚན་	NOUN
ལྟ་བུ་	ལྟ་བུ་	NOUN
འི་	གི་	PART
ནོར་རྫས་	ནོར་རྫས་	NOUN
དང་	དང་	NO_POS
། །		PUNCT
སྐུ་	སྐུ་	NOUN
ནི་	ནི་	NO_POS
རྒྱལ་མཚན་	རྒྱལ་མཚན་	NOUN
ལྟ་བུ་	ལྟ་བུ་	NOUN
འི་	གི་	PART
བཀྲ་ཤིས་	བཀྲ་ཤིས་	NOUN
གང་	གང་	NO_POS
ལགས་པ་	ལགས་པ་	AUX
།		PUNCT
བཀྲ་ཤིས་	བཀྲ་ཤིས་	NOUN
དམ་པ་	དམ་པ་	VERB
༴		PUNCT
ཞབས་	ཞབས་	NOUN
འཁོར་ལོ་	འཁོར་ལོ་	NOUN
རྟ་	རྟ་	NOUN
དང་	དང་	NO_POS
ལོངས་སྤྱོད་	ལོངས་སྤྱོད་	NOUN
སྣ་ཚོགས་	སྣ་ཚོགས་	DET
དང་	དང་	NO_POS
། །		PUNCT
ཆོ་	ཆོ་	NOUN
ཀྱི་	གི་	PART
འཁོར་ལོ་	འཁོར་ལོ་	NOUN
གྱུར་པ་	གྱུར་པ་	VERB
འི་	གི་	PART
ལོངས་སྤྱོད་	ལོངས་སྤྱོད་	NOUN
ཀྱིས་	གིས་	PART
། །		PUNCT
ཞབས་	ཞབས་	NOUN
འཁོར་ལོ་	འཁོར་ལོ་	NOUN
ལྟ་བུ་	ལྟ་བུ་	NOUN
ར་	ལ་	PART
གྱུར་པ་	གྱུར་པ་	VERB
འི་	གི་	PART
བཀྲ་ཤིས་	བཀྲ་ཤིས་	NOUN
གང་	གང་	NO_POS
ལགས་པ་	ལགས་པ་	AUX
། །		PUNCT
བཀྲ་ཤིས་	བཀྲ་ཤིས་	NOUN
དམ་པ་	དམ་པ་	VERB
དེ་	དེ་	DET
ས་	གིས་	PART
ཀྱང་	ཀྱང་	PART
དེང་	དེང་	ADV
འདི་	འདི་	DET
ར་	ལ་	PART
བདེ་ལེགས་	བདེ་ལེགས་	NOUN
ཤོག་	ཤོག་	VERB
།		PUNCT
ཟེ་	ཟེ་	VERB
ན་	ནས་	PART
བཀྲ་ཤིས་	བཀྲ་ཤིས་	NOUN
ཀྱི་	གི་	PART
ཚིགས་	ཚིགས་	NOUN
སུ་	ལ་	PART
བཅད་པ་	བཅད་པ་	VERB
མང་པོ་	མང་པོ་	ADJ
བརྗོད་	བརྗོད་	VERB
ཅིང་	ཅིང་	PART
དགྱེས་པ་	དགྱེས་པ་	VERB
འི་	གི་	PART
ང་རོ་	ང་རོ་	NOUN
དབྱངས་	དབྱངས་	NOUN
སུ་	ལ་	PART
བརྗོད་	བརྗོད་	VERB
ཅིང་	ཅིང་	PART
འདུག་པ་	འདུག་པ་	VERB
མཐོང་	མཐོང་	VERB
ངོ་	གོ་	PART
། །		PUNCT
རེ་	རེ་	DET
ཡང་	ཀྱང་	PART
རེ་	རེ་	DET
སྟེ་	སྟེ་	PART
བྱུང་	བྱུང་	VERB
ཡང་	ཀྱང་	PART
བྱུང་	བྱུང་	VERB
། །		PUNCT
རིན་ཆེན་	རིན་ཆེན་	OTHER
འཇའ་	འཇའ་	NOUN
ཡི་	གི་	PART
ལམ་སྣ་	ལམ་སྣ་	NOUN
བདོག་	བདོག་	VERB
དལ་འབྱོར་	དལ་འབྱོར་	NOUN
མི་ལུས་	མི་ལུས་	NOUN
བླང་	བླང་	NO_POS
བདོག་	བདོག་	VERB
།		PUNCT
མང་ཡུལ་	མང་ཡུལ་	PROPN
བཀྲ་ཤིས་	བཀྲ་ཤིས་	NOUN
ཀྱི་	གི་	PART
གུང་	གུང་	ADV
ཐང་	ཐང་	NOUN
ན་	ལ་	PART
། །		PUNCT
མ་	མ་	PART
ཇོ་མོ་	ཇོ་མོ་	NOUN
བཀྲ་ཤིས་	བཀྲ་ཤིས་	NOUN
ཀྱི་	གི་	PART
གཡུ་	གཡུ་	NOUN
ཆུང་མ་	ཆུང་མ་	NOUN
། །		PUNCT
གངས་	གངས་	NOUN
ཞུ་		
མོ་	གོ་	PART
གནས་པ་	གནས་པ་	VERB
འི་	གི་	PART
མདུན་	མདུན་	NOUN
ཤེད་	ཤེད་	NOUN
ན་	ལ་	PART
། །		PUNCT
འོམ་	འོམ་	NO_POS
ལུང་	ལུང་	NOUN
བཀྲ་ཤིས་	བཀྲ་ཤིས་	NOUN
ཀྱི་	གི་	PART
མཁན་	མཁན་	PROPN
ཐང་	ཐང་	NOUN
ན་	ལ་	PART
། །		PUNCT
ཕ་	ཕ་	NOUN
ཐིག་ལེ་	ཐིག་ལེ་	NOUN
འོད་གསལ་	འོད་གསལ་	NOUN
གྱི་	གི་	PART
ཁང་པ་	ཁང་པ་	NOUN
བདོག་	བདོག་	VERB
།		PUNCT
རྩ་	རྩ་	NUM
ཕུ་	ཕུ་	NOUN
རིན་ཆེན་	རིན་ཆེན་	OTHER
གྱི་	གི་	PART
མཆེ་བ་	མཆེ་བ་	NOUN
གངས་	གངས་	NOUN
།		PUNCT
ཕུ་	ཕུ་	NOUN
གསུམ་	གསུམ་	NUM
འདོམས་པ་	འདོམས་པ་	VERB
འི་	གི་	PART
ཀློང་	ཀློང་	NOUN
ཤོད་	ཤོད་	VERB
ན་	ལ་	PART
།		PUNCT
རྩ་	རྩ་	NUM
རླུང་	རླུང་	NOUN
མི་ལ་	མི་ལ་	PROPN
འི་	གི་	PART
འཁྲུངས་	འཁྲུངས་	NO_POS
ས་	ས་	ADP
བདོག་	བདོག་	VERB
།		PUNCT
ལྷོ་	ལྷོ་	NOUN
རི་	རི་	NOUN
སྨུག་	སྨུག་	OTHER
ལ་	ལ་	PART
དམར་བ་	དམར་བ་	VERB
འི་	གི་	PART
མདངས་	མདངས་	NOUN
ཆགས་པ་	ཆགས་པ་	VERB
། །		PUNCT
བྱང་	བྱང་	NOUN
རི་	རི་	NOUN
དཀ་	དཀའ་	VERB
ར་	ལ་	PART
ལ་	ལ་	PART
དམར་བ་	དམར་བ་	VERB
འི་	གི་	PART
མདངས་	མདངས་	NOUN
དང་	དང་	NO_POS
ལྡན་པ་	ལྡན་པ་	VERB
།		PUNCT
མ་	མ་	PART
དགོས་འདོད་	དགོས་འདོད་	NOUN
ལུས་	ལུས་	NOUN
ཀྱི་	གི་	PART
སྒྲོམ་བུ་	སྒྲོམ་བུ་	NOUN
བདོག་	བདོག་	VERB
།		PUNCT
ཟེ་	ཟེ་	VERB
ཞིང་	ཅིང་	PART
འདུག་པ་	འདུག་པ་	VERB
འི་	གི་	PART
དུས་	དུས་	NOUN
སུ་	ལ་	PART
།		PUNCT
འཇའ་ཚོན་	འཇའ་ཚོན་	NOUN
ཁ་དོག་	ཁ་དོག་	NOUN
སྣ་	སྣ་	NOUN
དགུ་	དགུ་	NUM
ལ་	ལ་	PART
བྱས་པ་	བྱས་པ་	VERB
འདི་	འདི་	DET
ན་	ན་	ADP
ར་	ལ་	PART
གྱིས་	གིས་	PART
བྱུང་	བྱུང་	VERB
ན་	ནས་	PART
།		PUNCT
ཁོང་	ཁོང་	PRON
ཐམས་ཅད་	ཐམས་ཅད་	DET
འགྲོ་	འགྲོ་	VERB
ཡིན་	ཡིན་	NO_POS
འདུག་པ་	འདུག་པ་	VERB
མཐོང་	མཐོང་	VERB
ངོ་	གོ་	PART
། །		PUNCT
དེ་	དེ་	DET
འི་	གི་	PART
སྟེང་	སྟེང་	NOUN
ལ་	ལ་	PART
ཕྱིན་པ་	ཕྱིན་པ་	VERB
ས་	གིས་	PART
།		PUNCT
ཤེལ་	ཤེལ་	NOUN
གྱི་	གི་	PART
ཁང་པ་	ཁང་པ་	NOUN
གནམ་སྒོ་	གནམ་སྒོ་	NO_POS
ཡོད་པ་	ཡོད་པ་	VERB
ཕྱོགས་	ཕྱོགས་	NOUN
བཞི་	བཞི་	NUM
སྟེང་	སྟེང་	NOUN
དུ་	ལ་	PART
།		PUNCT
དཀ་	དཀའ་	VERB
ར་	ལ་	PART
ལ་	ལ་	PART
དྭངས་པ་	དྭངས་པ་	VERB
།		PUNCT
འོག་	འོག་	NOUN
སྨུག་ནག་	སྨུག་ནག་	NO_POS
ཏུ་	ལ་	PART
བྱས་པ་	བྱས་པ་	VERB
།		PUNCT
ཕྱོགས་	ཕྱོགས་	NOUN
ཐམས་ཅད་	ཐམས་ཅད་	DET
འཇའ་ཚོན་	འཇའ་ཚོན་	NOUN
དུ་	ལ་	PART
ཤིག་	ཅིག་	PART
གེ་	གེ་	NO_POS
འདུག་པ་	འདུག་པ་	VERB
།		PUNCT
དེ་	སྟེ་	PART
འདྲ་བ་	འདྲ་བ་	VERB
འི་	གི་	PART
ཁང་པ་	ཁང་པ་	NOUN
འི་	གི་	PART
ནང་	ནང་	NOUN
ན་	ལ་	PART
ཡོད་	ཡོད་	VERB
ཙམ་	ཙམ་	DET
ན་	ལ་	PART
།		PUNCT
འདོད་ཆགས་	འདོད་ཆགས་	NOUN
ཁྲག་	ཁྲག་	NOUN
གི་	གི་	PART
རྦ་རླབས་	རྦ་རླབས་	OTHER
བྱུང་	བྱུང་	VERB
ཟེ་	ཟེ་	VERB
ན་	ནས་	PART
ཐམས་ཅད་	ཐམས་ཅད་	DET
བྲོ་	བྲོ་	VERB
ཤིང་	ཅིང་	PART
འདུག་པ་	འདུག་པ་	VERB
མཐོང་	མཐོང་	VERB
།		PUNCT
དེ་	དེ་	DET
ར་	ལ་	PART
གནམ་ཁུང་	གནམ་ཁུང་	NO_POS
དགུ་པ་	དགུ་པ་	ADJ
སྐས་	སྐས་	NO_POS
དགུ་	དགུ་	NUM
བཙུགས་པ་	བཙུགས་པ་	VERB
འི་	གི་	PART
སྐད་ཅིག་	སྐད་ཅིག་	OTHER
འཛེགས་	འཛེགས་	VERB
ན་	ནས་	PART
ཕྱིན་པ་	ཕྱིན་པ་	VERB
དང་	དང་	NO_POS
།		PUNCT
གནམ་ཁུང་	གནམ་ཁུང་	NO_POS
ཆུང་ངུ་	ཆུང་ངུ་	ADJ
ན་	ནས་	PART
ཡར་མ་	ཡར་མ་	NO_POS
ཐར་བ་	ཐར་བ་	VERB
ས་	གིས་	PART
།		PUNCT
ལ་	ལ་	ADP
ས་	གིས་	PART
ཀྱི་	གི་	PART
རྣམ་སྨིན་	རྣམ་སྨིན་	NOUN
ཐར་ལམ་	ཐར་ལམ་	OTHER
དཀའ་	དཀའ་	VERB
ཟེར་བ་	ཟེར་བ་	VERB
འི་	གི་	PART
སྒྲ་	སྒྲ་	NOUN
གཅིག་	གཅིག་	NUM
བྱུང་བ་	བྱུང་བ་	VERB
ཡི་	གིས་	PART
།		PUNCT
ནག་	ནག་	VERB
རྨུག་	རྨུག་	NO_POS
ཏུ་	ལ་	PART
སོང་	སོང་	VERB
ན་	ནས་	PART
བརྒྱལ་	བརྒྱལ་	NO_POS
།		PUNCT
དྲན་བ་	དྲན་བ་	VERB
མདོ་	མདོ་	NOUN
ལོང་	ལོང་	VERB
མདོ་	མདོ་	NOUN
ལོང་	ལོང་	VERB
བྱུང་	བྱུང་	VERB
ཡི་	གིས་	PART
།		PUNCT
ནག་	ནག་	VERB
ལ་	ལ་	PART
མུན་པ་	མུན་པ་	NOUN
ལྗི་	ལྗི་	NO_POS
ཞིང་	ཅིང་	PART
འཐིབས་པ་	འཐིབས་པ་	NO_POS
།		PUNCT
ཁམས་	ཁམས་	NOUN
ཅུང་	ཅུང་	OTHER
འཚུབ་པ་	འཚུབ་པ་	NO_POS
།		PUNCT
དུས་	དུས་	NOUN
ད་ལྟ་	ད་ལྟ་	OTHER
དྲན་	དྲན་	VERB
ཡང་	ཀྱང་	PART
ཁམས་	ཁམས་	NOUN
ཅུང་	ཅུང་	OTHER
འཚུབ་	འཚུབ་	NO_POS
དེ་ནས་	དེ་ནས་	NO_POS
དྲན་པ་	དྲན་པ་	VERB
གསལ་བ་	གསལ་བ་	VERB
ར་	ལ་	PART
སོང་བ་	སོང་བ་	VERB
འི་	གི་	PART
ཚེ་	ཚེ་	NOUN
།		PUNCT
རེས་འགའ་	རེས་འགའ་	NO_POS
ཆུ་	ཆུ་	NOUN
འི་	གི་	PART
རྦ་རླབས་	རྦ་རླབས་	OTHER
སྤྱོད་པ་	སྤྱོད་པ་	VERB
འདྲ་	འདྲ་	VERB
།		PUNCT
རེས་འགའ་	རེས་འགའ་	NO_POS
རི་	རི་	NOUN
ཡི་	གིས་	PART
མནན་པ་	མནན་པ་	VERB
འདྲ་	འདྲ་	VERB
རེས་འགའ་	རེས་འགའ་	NO_POS
ཚ་	ཚ་	VERB
ཞིང་	ཅིང་	PART
བསྲེགས་པ་	བསྲེགས་པ་	VERB
འདྲ་	འདྲ་	VERB
།		PUNCT
རེས་འགའ་	རེས་འགའ་	NO_POS
གྲང་	གྲང་	VERB
ཞིང་	ཅིང་	PART
བསྐྱོད་པ་	བསྐྱོད་པ་	VERB
འདྲ་	འདྲ་	VERB
།		PUNCT
རང་རིག་	རང་རིག་	NO_POS
འཐོམ་པ་	འཐོམ་པ་	NO_POS
འི་	གི་	PART
རླུང་	རླུང་	NOUN
ཡང་	ཀྱང་	PART
མེད་	མེད་	VERB
།		PUNCT
ཉོན་མོངས་	ཉོན་མོངས་	NOUN
ཀྱི་	གི་	PART
གདུག་རྩུབ་	གདུག་རྩུབ་	OTHER
དེ་	སྟེ་	PART
ན་	ལ་	PART
འདྲ་	འདྲ་	VERB
དུས་	དུས་	NOUN
ད་ལྟ་	ད་ལྟ་	OTHER
དྲན་	དྲན་	VERB
ཡང་སྙིང་	ཡང་སྙིང་	NOUN
རླུང་	རླུང་	NOUN
ལྡང་	ལྡང་	NO_POS
། །		PUNCT
ཞེས་་	ཞེས་པ་	PART
དེ་ཡན་	དེ་ཡན་	NO_POS
ཆོད་	ཆོད་	VERB
ནི་	ནི་	NO_POS
བར་མ་དོ་	བར་མ་དོ་	NO_POS
ཡིན་	ཡིན་	NO_POS
ནོ་	གོ་	PART
། །		PUNCT
ད་ལྟ་བ་	ད་ལྟ་བ་	OTHER
རྣམ་པ་	རྣམ་པ་	NOUN
གསུམ་	གསུམ་	NUM
ནི་	ནི་	NO_POS
གཅིག་	གཅིག་	NUM
ནི་	ནི་	NO_POS
མགོན་པོ་	མགོན་པོ་	NOUN
བྱམས་པ་	བྱམས་པ་	PROPN
འི་	གི་	PART
དྲུང་	དྲུང་	NOUN
ན་	ལ་	PART
།		PUNCT
བྱང་ཆུབ་	བྱང་ཆུབ་	NOUN
སེམས་དཔའ་	སེམས་དཔའ་	NOUN
རིན་ཆེན་	རིན་ཆེན་	OTHER
བློ་གྲོས་	བློ་གྲོས་	NOUN
ཞེ་	ཅེས་	PART
བྱ་བ་	བྱ་བ་	VERB
ར་	ལ་	PART
གྱུར་	གྱུར་	VERB
ན་	ནས་	PART
།		PUNCT
ལྷ་	ལྷ་	NOUN
འི་	གི་	PART
ལོ་	གོ་	PART
ཁྲི་ཕྲག་	ཁྲི་ཕྲག་	NO_POS
ཙམ་	ཙམ་	DET
དུ་	ལ་	PART
བྱང་ཆུབ་	བྱང་ཆུབ་	NOUN
སེམས་དཔ་	སེམས་དཔའ་	NOUN
འི་	གི་	PART
སྤྱད་པ་	སྤྱད་པ་	VERB
སྤྱོད་	སྤྱོད་	VERB
ཅིང་	ཅིང་	PART
མགོན་པོ་	མགོན་པོ་	NOUN
བྱམས་པ་	བྱམས་པ་	PROPN
འི་	གི་	PART
རྗེས་སུ་	རྗེས་སུ་	OTHER
བྱང་ཆུབ་	བྱང་ཆུབ་	NOUN
སེམས་དཔ་	སེམས་དཔའ་	NOUN
འི་	གི་	PART
ཚུལ་	ཚུལ་	NOUN
འཛིན་	འཛིན་	VERB
སྟེ་	སྟེ་	PART
།		PUNCT
གདུལ་བྱ་	གདུལ་བྱ་	NOUN
འབྲེལ་བ་	འབྲེལ་བ་	VERB
ཡོད་ཚད་	ཡོད་ཚད་	VERB
ཀྱང་	ཀྱང་	PART
དེ་	དེ་	DET
ར་	ལ་	PART
འདྲེན་པ་	འདྲེན་པ་	VERB
ར་	ལ་	PART
གསུངས་པ་	གསུངས་པ་	VERB
འོ་	གོ་	PART
། །		PUNCT
ཡང་	ཀྱང་	PART
ཤར་ཕྱོགས་	ཤར་ཕྱོགས་	NOUN
ཀྱི་	གི་	PART
འཇིག་རྟེན་	འཇིག་རྟེན་	NOUN
གྱི་	གི་	PART
ཁམས་	ཁམས་	NOUN
། །		PUNCT
མུན་པ་	མུན་པ་	NOUN
རབ་ཏུ་	རབ་ཏུ་	NO_POS
གསལ་བ་	གསལ་བ་	VERB
ཞེ་	ཅེས་	PART
བྱ་བ་	བྱ་བ་	VERB
ན་	ལ་	PART
།		PUNCT
བྱང་ཆུབ་	བྱང་ཆུབ་	NOUN
སེམས་དཔ་	སེམས་དཔའ་	NOUN
འི་	གི་	PART
ཚུལ་	ཚུལ་	NOUN
ཅན་	ཅན་	PART
།		PUNCT
རྒྱལ་པོ་	རྒྱལ་པོ་	NOUN
པད་མ་	པད་མ་	NOUN
རྣམ་པ་	རྣམ་པ་	NOUN
ར་	ལ་	PART
རོལ་པ་	རོལ་པ་	VERB
ཞེ་	ཅེས་	PART
བྱ་བ་	བྱ་བ་	VERB
ར་	ལ་	PART
གྱུར་	གྱུར་	VERB
ན་	ནས་	PART
།		PUNCT
འགྲོ་བ་	འགྲོ་བ་	VERB
སེམས་ཅན་	སེམས་ཅན་	NOUN
ལ་	ལ་	PART
ཕན་	ཕན་	NOUN
ཐོགས་པ་	ཐོགས་པ་	VERB
གཅིག་	གཅིག་	NUM
ཡིན་པ་	ཡིན་པ་	AUX
ར་	ལ་	PART
འདུག་	འདུག་	VERB
།		PUNCT
འཛམ་བུ་	འཛམ་བུ་	NOUN
འི་	གི་	PART
གླིང་	གླིང་	NOUN
འདི་ཉིད་	འདི་ཉིད་	OTHER
ན་	ལ་	PART
།		PUNCT
རྒྱ་གར་	རྒྱ་གར་	PROPN
ནུབ་ཕྱོགས་	ནུབ་ཕྱོགས་	NOUN
ཀྱི་	གི་	PART
གྲོང་ཁྱེར་	གྲོང་ཁྱེར་	NOUN
གཅིག་	གཅིག་	NUM
ན་	ལ་	PART
།		PUNCT
པཎ་	པཎ་	NO_POS
ཊི་		NON_WORD
ཏ་	ཏ་	OTHER
ལོ་ཀ་	ལོ་ཀ་	NO_POS
འགི་	འགི་	NO_POS
ར་	ལ་	PART
ཏི་	ཏི་	NO_POS
ཞེ་	ཅེས་	PART
བྱ་བ་	བྱ་བ་	VERB
ར་	ལ་	PART
གྱུར་	གྱུར་	VERB
ན་	ནས་	PART
།		PUNCT
གདུལ་བྱ་	གདུལ་བྱ་	NOUN
འགའ་ཙམ་	འགའ་ཙམ་	NO_POS
ལ་	ལ་	PART
ཕན་	ཕན་	NOUN
ཐོགས་པ་	ཐོགས་པ་	VERB
ར་	ལ་	PART
འདུག་	འདུག་	VERB
།		PUNCT
དེ་	སྟེ་	PART
ནི་	ནི་	NO_POS
ད་ལྟར་་	ད་ལྟར་བ་	
གསུམ་	གསུམ་	NUM
ལགས་སོ་	ལགས་སོ་	NO_POS
། །		PUNCT
དཔལ་ལྡན་	དཔལ་ལྡན་	ADJ
དུས་གསུམ་	དུས་གསུམ་	OTHER
མཁྱེན་པ་	མཁྱེན་པ་	VERB
དང་	དང་	NO_POS
།		PUNCT
རིན་པོ་ཆེ་	རིན་པོ་ཆེ་	ADJ
ཀརྨ་པ་	ཀརྨ་པ་	NO_POS
ར་	ལ་	PART
དབྱིངས་	དབྱིངས་	NOUN
སུ་	ལ་	PART
བསྟན་	བསྟན་	VERB
ལ་སོགས་པ་	ལ་སོགས་པ་	NO_POS
ངེས་	ངེས་	VERB
ཡོད་པ་	ཡོད་པ་	VERB
ན་	ལ་	PART
།		PUNCT
སྦུངས་	སྦུངས་	NO_POS
རི་	རི་	NOUN
ན་	ལ་	PART
བཞུགས་པ་	བཞུགས་པ་	VERB
འི་	གི་	PART
དུས་	དུས་	NOUN
སུ་	ལ་	PART
ད་སྟེ་	ད་སྟེ་	NO_POS
ལོ་	གོ་	PART
བརྒྱ་	བརྒྱ་	NUM
ཙམ་	ཙམ་	DET
ན་	ལ་	PART
།		PUNCT
དུས་གསུམ་	དུས་གསུམ་	OTHER
མཁྱེན་པ་	མཁྱེན་པ་	VERB
འི་	གི་	PART
སྐུ་	སྐུ་	NOUN
འི་	གི་	PART
ངོ་བོ་	ངོ་བོ་	NOUN
།		PUNCT
ས་ར་	ས་ར་	NO_POS
ཧ་པ་	ཧ་པ་	NO_POS
འི་	གི་	PART
ཐུགས་	ཐུགས་	NOUN
ཀྱི་	གི་	PART
སྤྲུལ་པ་	སྤྲུལ་པ་	VERB
གཅིག་	གཅིག་	NUM
འོང་	འོང་	VERB
ན་	ནས་	PART
།		PUNCT
དུས་གསུམ་	དུས་གསུམ་	OTHER
མཁྱེན་པ་	མཁྱེན་པ་	VERB
འི་	གི་	PART
བསྟན་པ་	བསྟན་པ་	VERB
རྒྱས་པ་	རྒྱས་པ་	VERB
ར་	ལ་	PART
བྱེད་	བྱེད་	VERB
ཞེ་	ཅེས་	PART
གསུངས་པ་	གསུངས་པ་	VERB
དང་	དང་	NO_POS
།		PUNCT
དཔལ་ལྡན་	དཔལ་ལྡན་	ADJ
དུས་གསུམ་	དུས་གསུམ་	OTHER
མཁྱེན་པ་	མཁྱེན་པ་	VERB
ས་	གིས་	PART
ཞྭ་ནག་	ཞྭ་ནག་	NO_POS
ཅན་	ཅན་	PART
གསུམ་	གསུམ་	NUM
འབྱུང་	འབྱུང་	VERB
ཞེ་	ཅེས་	PART
གསུང་པ་	གསུང་པ་	VERB
དང་	དང་	NO_POS
།		PUNCT
ཡང་	ཀྱང་	PART
རིན་པོ་ཆེ་པ་	རིན་པོ་ཆེ་པ་	ADJ
ས་	གིས་	PART
སློབ་མ་	སློབ་མ་	NOUN
འགའ་	འགའ་	DET
ལ་	ལ་	PART
།		PUNCT
རང་	རང་	PRON
རེ་	རེ་	DET
ཡང་	ཀྱང་	PART
གངས་	གངས་	NOUN
ཞུ་		
མོ་	མོ་	PRON
འི་	གི་	PART
ཕྱོགས་	ཕྱོགས་	NOUN
སུ་	ལ་	PART
འབྱོན་	འབྱོན་	NO_POS
ཞིང་	ཅིང་	PART
དུས་ཚོད་	དུས་ཚོད་	NOUN
ཙ་ན་	ཙ་ན་	NO_POS
རང་	རང་	PRON
རེ་	རེ་	DET
ལ་	ལ་	PART
འཕྲིན་ལས་	འཕྲིན་ལས་	NOUN
བསམ་	བསམ་	NOUN
གྱིས་	གིས་	PART
མི་	མི་	PART
ཁྱབ་པ་	ཁྱབ་པ་	VERB
འབྱུང་	འབྱུང་	VERB
ཡང་	ཀྱང་	PART
ཤེ་	ཤེ་	VERB
།		PUNCT
གསུང་བ་	གསུང་བ་	VERB
ལ་སོགས་པ་	ལ་སོགས་པ་	NO_POS
དོན་	དོན་	NOUN
གཅིག་	གཅིག་	NUM
སྟེ་	སྟེ་	PART
།		PUNCT
དེ་	དེ་	DET
འི་	གི་	PART
ཕྱི་	ཕྱི་	OTHER
ན་	ལ་	PART
རྣལ་འབྱོར་	རྣལ་འབྱོར་	NOUN
རང་བྱུང་	རང་བྱུང་	NOUN
རྡོ་རྗེ་	རྡོ་རྗེ་	NOUN
ཡང་	ཀྱང་	PART
།		PUNCT
རྗེ་	རྗེ་	NO_POS
དམ་པ་	དམ་པ་	VERB
རིན་པོ་ཆེ་	རིན་པོ་ཆེ་	ADJ
བཞུགས་པ་	བཞུགས་པ་	VERB
འི་	གི་	PART
གནས་	གནས་	NOUN
ན་	ནས་	PART
།		PUNCT
མཁའ་འགྲོ་	མཁའ་འགྲོ་	NOUN
མ་	མ་	PART
རྣམས་	རྣམས་	DET
ཀྱིས་	གིས་	PART
ཡང་ཡང་	ཡང་ཡང་	NO_POS
དུ་	ལ་	PART
བསྐུལ་	བསྐུལ་	VERB
ཞིང་	ཅིང་	PART
།		PUNCT
ཕ་མ་	ཕ་མ་	NOUN
གཉིས་	གཉིས་	NUM
ལ་	ལ་	PART
རྟེན་འབྲེལ་	རྟེན་འབྲེལ་	NOUN
བསྟན་པ་	བསྟན་པ་	VERB
སྟེ་	སྟེ་	PART
།		PUNCT
ལོ་	གོ་	PART
གཉིས་	གཉིས་	NUM
ཙམ་	ཙམ་	DET
གསུམ་	གསུམ་	NUM
ཙམ་	ཙམ་	DET
ན་	ནས་	PART
དམ་པ་	དམ་པ་	VERB
འི་	གི་	PART
གདམས་པ་	གདམས་པ་	VERB
ལ་	ལ་	PART
བློ་	བློ་	NOUN
སྦྱང་	སྦྱང་	VERB
ཞིང་	ཅིང་	PART
།		PUNCT
རྗེ་	རྗེ་	NO_POS
དམ་པ་	དམ་པ་	VERB
འི་	གི་	PART
གདན་ས་	གདན་ས་	NOUN
ར་	ལ་	PART
ཕྱིན་བ་	ཕྱིན་བ་	VERB
འི་	གི་	PART
དུས་	དུས་	NOUN
སུ་	ལ་	PART
།		PUNCT
དམ་པ་	དམ་པ་	VERB
རིན་པོ་ཆེ་	རིན་པོ་ཆེ་	ADJ
འི་	གི་	PART
དག་པ་	དག་པ་	VERB
འི་	གི་	PART
སྣང་བ་	སྣང་བ་	VERB
དཔག་	དཔག་	VERB
ཏུ་	ལ་	PART
མེད་པ་	མེད་པ་	VERB
ཡུན་རིང་	ཡུན་རིང་	NOUN
དུ་	ལ་	PART
བྱུང་	བྱུང་	VERB
ཞིང་	ཅིང་	PART
།		PUNCT
རང་ཅག་	རང་ཅག་	PRON
བྱིན་རླབས་	བྱིན་རླབས་	NOUN
ཞུགས་པ་	ཞུགས་པ་	VERB
ཡིན་	ཡིན་	NO_POS
སྙམ་	སྙམ་	VERB
བ་བྱུང་བ་	བ་བྱུང་བ་	NO_POS
འོ་	གོ་	PART
། །		PUNCT
དེ་ནས་	དེ་ནས་	NO_POS
བླ་མ་	བླ་མ་	NOUN
ཨུ་རྒྱན་པ་	ཨུ་རྒྱན་པ་	PROPN
འི་	གི་	PART
དྲུང་	དྲུང་	NOUN
དུ་	ལ་	PART
ཕྱིན་བ་	ཕྱིན་བ་	VERB
འི་	གི་	PART
དུས་	དུས་	NOUN
སུ་	ལ་	PART
།		PUNCT
བླ་མ་	བླ་མ་	NOUN
འི་	གི་	PART
ཞལ་	ཞལ་	NOUN
ན་	ནས་	PART
ཁྱེད་	ཁྱེད་	PRON
བྱུང་བ་	བྱུང་བ་	VERB
དང་	དང་	NO_POS
ངེད་	ངེད་	PRON
ལ་	ལ་	PART
དག་པ་	དག་པ་	VERB
འི་	གི་	PART
སྣང་བ་	སྣང་བ་	VERB
མང་པོ་	མང་པོ་	ADJ
བྱུང་	བྱུང་	VERB
གསུང་བ་	གསུང་བ་	VERB
ལ་སོགས་པ་	ལ་སོགས་པ་	NO_POS
།		PUNCT
རྟེན་འབྲེལ་	རྟེན་འབྲེལ་	NOUN
ཤིན་ཏུ་	ཤིན་ཏུ་	NO_POS
འགྲིག་	འགྲིག་	VERB
ཅིང་	ཅིང་	PART
ཅུང་ཟད་	ཅུང་ཟད་	ADV
བསྒོམས་པ་	བསྒོམས་པ་	VERB
འི་	གི་	PART
དུས་	དུས་	NOUN
སུ་	ལ་	PART
།		PUNCT
ཆོ་	ཆོ་	NOUN
ཐམས་ཅད་	ཐམས་ཅད་	DET
རྒྱ་མཚོ་	རྒྱ་མཚོ་	NOUN
འི་	གི་	PART
གཏིང་	གཏིང་	NOUN
གི་	གི་	PART
ཆུ་	ཆུ་	NOUN
ལྟ་བུ་	ལྟ་བུ་	NOUN
ར་	ལ་	PART
མ་	མ་	PART
གཡོས་པ་	གཡོས་པ་	VERB
ར་	ལ་	PART
ཤེས་པ་	ཤེས་པ་	VERB
ལ་སོགས་པ་	ལ་སོགས་པ་	NO_POS
བྱུང་	བྱུང་	VERB
ཞིང་	ཅིང་	PART
།		PUNCT
ལོ་	གོ་	PART
དྲུག་	དྲུག་	NUM
དང་	དང་	NO_POS
བདུན་	བདུན་	NUM
ཙམ་	ཙམ་	DET
ན་	ནས་	PART
མཁན་པོ་	མཁན་པོ་	NOUN
ཀུན་ལྡན་	ཀུན་ལྡན་	NO_POS
ཤེས་རབ་	ཤེས་རབ་	NOUN
ལ་	ལ་	PART
རབ་ཏུ་	རབ་ཏུ་	NO_POS
བྱུང་	བྱུང་	VERB
ཞིང་	ཅིང་	PART
།		PUNCT
འགྲོ་བ་	འགྲོ་བ་	VERB
དང་	དང་	NO_POS
འདུག་པ་	འདུག་པ་	VERB
ལ་སོགས་པ་	ལ་སོགས་པ་	NO_POS
སྤྱོད་ལམ་	སྤྱོད་ལམ་	NOUN
རྣམ་	རྣམ་	NOUN
བཞི་	བཞི་	NUM
གང་	གང་	NO_POS
བྱེད་	བྱེད་	VERB
ཀྱང་	ཀྱང་	PART
།		PUNCT
ཐམས་ཅད་	ཐམས་ཅད་	DET
སྒྱུ་མ་	སྒྱུ་མ་	NOUN
ལྟ་བུ་	ལྟ་བུ་	NOUN
འི་	གི་	PART
བློ་	བློ་	NOUN
ར་	ལ་	PART
དྲན་པ་	དྲན་པ་	VERB
དང་	དང་	NO_POS
།		PUNCT
དེ་	སྟེ་	PART
ལ་སོགས་པ་	ལ་སོགས་པ་	NO_POS
འི་	གི་	PART
ཡང་དག་པ་	ཡང་དག་པ་	ADJ
འི་	གི་	PART
དོན་	དོན་	NOUN
ཡིད་	ཡིད་	NOUN
ལ་	ལ་	PART
མི་	མི་	PART
བྱེད་	བྱེད་	VERB
།		PUNCT
དེ་ཉིད་	དེ་ཉིད་	NOUN
ཀྱི་	གི་	PART
ངང་	ངང་	NOUN
ལ་	ལ་	ADP
ས་	གིས་	PART
སྒྱུ་མ་	སྒྱུ་མ་	NOUN
ཙམ་	ཙམ་	DET
དུ་	ལ་	PART
།		PUNCT
ཡང་	ཀྱང་	PART
རིན་པོ་ཆེ་	རིན་པོ་ཆེ་	ADJ
རྒོད་ཚང་པ་	རྒོད་ཚང་པ་	NOUN
འི་	གི་	PART
བཞུགས་	བཞུགས་	VERB
གནས་	གནས་	NOUN
ན་	ལ་	PART
ཡོད་	ཡོད་	VERB
ཙམ་	ཙམ་	DET
ན་	ལ་	PART
།		PUNCT
མི་ནག་པོ་	མི་ནག་པོ་	PROPN
ཆེན་པོ་	ཆེན་པོ་	ADJ
ད་	ད་	NOUN
ནག་	ནག་	VERB
གི་	གི་	PART
འཇོལ་བེར་	འཇོལ་བེར་	NO_POS
ཅན་	ཅན་	PART
གཅིག་	གཅིག་	NUM
དང་	དང་	NO_POS
།		PUNCT
ཀླུ་རྒྱལ་	ཀླུ་རྒྱལ་	NO_POS
སྔགས་	སྔགས་	NOUN
ཀྱི་	གི་	PART
བདག་པོ་	བདག་པོ་	NOUN
དང་	དང་	NO_POS
།		PUNCT
མཁའ་	མཁའ་	NOUN
ནག་	ནག་	VERB
རྡོ་རྗེ་	རྡོ་རྗེ་	NOUN
རྒྱལ་པོ་	རྒྱལ་པོ་	NOUN
ལ་སོགས་པ་	ལ་སོགས་པ་	NO_POS
བྱུང་	བྱུང་	VERB
།		PUNCT
འགྲོ་	འགྲོ་	VERB
རན་	རན་	NO_POS
ཟེར་བ་	ཟེར་བ་	VERB
ལ་སོགས་པ་	ལ་སོགས་པ་	NO_POS
ར་	ལ་	PART
འདུག་	འདུག་	VERB
ན་	ནས་	PART
འོངས་པ་	འོངས་པ་	VERB
སྟེ་	སྟེ་	PART
།		PUNCT
དེ་ནས་	དེ་ནས་	NO_POS
འོངས་པ་	འོངས་པ་	VERB
འི་	གི་	PART
དུས་	དུས་	NOUN
སུ་	ལ་	PART
བསྟན་པ་	བསྟན་པ་	VERB
ས་	གིས་	PART
ཕྱིན་	ཕྱིན་	VERB
ཙམ་	ཙམ་	DET
ན་	ལ་	PART
།		PUNCT
ལྷ་འདྲེ་	ལྷ་འདྲེ་	NOUN
འགའ་ཞིག་	འགའ་ཞིག་	OTHER
གིས་	གིས་	PART
བ་	བ་	NOUN
དུ་	ལ་	PART
གཅོད་པ་	གཅོད་པ་	VERB
བྱེད་	བྱེད་	VERB
ཅིང་	ཅིང་	PART
འདུག་པ་	འདུག་པ་	VERB
ལ་	ལ་	PART
།		PUNCT
བཅོམ་ལྡན་འདས་	བཅོམ་ལྡན་འདས་	NOUN
ཕྱག་	ཕྱག་	NOUN
ན་	ལ་	PART
རྡོ་རྗེ་	རྡོ་རྗེ་	NOUN
འི་	གི་	PART
ཏིང་ངེ་འཛིན་	ཏིང་ངེ་འཛིན་	NOUN
གྱིས་	གིས་	PART
བཟློག་པ་	བཟློག་པ་	VERB
འོ་	གོ་	PART
། །		PUNCT
དེ་ནས་	དེ་ནས་	NO_POS
མཚུར་ཕུ་	མཚུར་ཕུ་	PROPN
ར་	ལ་	PART
ཕྱིན་	ཕྱིན་	VERB
བླ་མ་	བླ་མ་	NOUN
རས་པ་	རས་པ་	NOUN
འི་	གི་	PART
བཞུགས་	བཞུགས་	VERB
གནས་	གནས་	NOUN
ན་	ལ་	PART
ཡོད་པ་	ཡོད་པ་	VERB
འི་	གི་	PART
དུས་	དུས་	NOUN
སུ་	ལ་	PART
།		PUNCT
བྲམ་ཟེ་	བྲམ་ཟེ་	NOUN
ཆེན་པོ་	ཆེན་པོ་	ADJ
ས་ར་	ས་ར་	NO_POS
ཧ་ལ་	ཧ་ལ་	NO_POS
གྲུབ་ཐོབ་	གྲུབ་ཐོབ་	NOUN
མང་པོ་	མང་པོ་	ADJ
དང་	དང་	NO_POS
བཅས་པ་	བཅས་པ་	VERB
ས་	གིས་	PART
བསྐོར་བ་	བསྐོར་བ་	VERB
ཡིད་	ཡིད་	NOUN
ཀྱི་	གི་	PART
ཡུལ་	ཡུལ་	NOUN
ན་	ལ་	PART
གསལ་བ་	གསལ་བ་	VERB
ར་	ལ་	PART
བྱུང་བ་	བྱུང་བ་	VERB
ནི་	ནི་	NO_POS
།		PUNCT
བླ་མ་	བླ་མ་	NOUN
འི་	གི་	PART
བྱིན་རླབས་	བྱིན་རླབས་	NOUN
བཞུགས་པ་	བཞུགས་པ་	VERB
འི་	གི་	PART
བརྡ་	བརྡ་	NOUN
ཡིན་པ་	ཡིན་པ་	AUX
ར་	ལ་	PART
གོ་	གོ་	PART
།		PUNCT
ཡང་	ཀྱང་	PART
བཀྲ་ཤིས་	བཀྲ་ཤིས་	NOUN
གསར་མ་	གསར་མ་	OTHER
ན་	ལ་	PART
བཞུགས་པ་	བཞུགས་པ་	VERB
འི་	གི་	PART
དུས་	དུས་	NOUN
སུ་	ལ་	PART
།		PUNCT
བླ་མ་	བླ་མ་	NOUN
དར་མ་	དར་མ་	PROPN
སྒང་པ་	སྒང་པ་	NO_POS
ལ་	ལ་	PART
གཏོར་མ་	གཏོར་མ་	NOUN
འི་	གི་	PART
བྱིན་རླབས་	བྱིན་རླབས་	NOUN
བྱས་པ་	བྱས་པ་	VERB
འི་	གི་	PART
ཚེ་	ཚེ་	NOUN
།		PUNCT
རྡོ་རྗེ་	རྡོ་རྗེ་	NOUN
འཆང་	འཆང་	NO_POS
དང་	དང་	NO_POS
ཏེ་ལོ་	ཏེ་ལོ་	PROPN
ན་རོ་	ན་རོ་	PROPN
ལ་སོགས་པ་	ལ་སོགས་པ་	NO_POS
གྲུབ་ཐོབ་	གྲུབ་ཐོབ་	NOUN
བརྒྱུད་པ་	བརྒྱུད་པ་	VERB
འི་	གི་	PART
བླ་མ་	བླ་མ་	NOUN
གཉིས་	གཉིས་	NUM
སུ་	ལ་	PART
མེད་པ་	མེད་པ་	VERB
འི་	གི་	PART
སྣང་བ་	སྣང་བ་	VERB
ཤར་བ་	ཤར་བ་	VERB
འི་	གི་	PART
དུས་	དུས་	NOUN
སུ་	ལ་	PART
།		PUNCT
འགྲོ་བ་	འགྲོ་བ་	VERB
འདྲེན་	འདྲེན་	NO_POS
མཛད་	མཛད་	VERB
རྡོ་རྗེ་	རྡོ་རྗེ་	NOUN
འཆང་	འཆང་	NO_POS
ཞེས་་	ཞེས་པ་	PART
ལ་སོགས་པ་	ལ་སོགས་པ་	NO_POS
བྱས་པ་	བྱས་པ་	VERB
འོ་	གོ་	PART
། །		PUNCT
ཡང་	ཀྱང་	PART
མཚུར་ཕུ་	མཚུར་ཕུ་	PROPN
ན་	ལ་	PART
བཞུགས་པ་	བཞུགས་པ་	VERB
འི་	གི་	PART
དུས་	དུས་	NOUN
སུ་	ལ་	PART
།		PUNCT
ནུབ་	ནུབ་	ADV
གཅིག་	གཅིག་	NUM
གཏོར་མ་	གཏོར་མ་	NOUN
གཅིག་	གཅིག་	NUM
བཏང་བ་	བཏང་བ་	VERB
ཙམ་	ཙམ་	DET
ན་	ལ་	PART
།		PUNCT
དཔལ་མགོན་པོ་	དཔལ་མགོན་པོ་	OTHER
ལྕམ་དྲལ་	ལྕམ་དྲལ་	NOUN
དྲེགས་པ་	དྲེགས་པ་	VERB
ཅན་	ཅན་	PART
ཕོ་	ཕོ་	NOUN
དགུ་	དགུ་	NUM
དང་	དང་	NO_POS
མོ་	གོ་	PART
དགུ་	དགུ་	NUM
རུ་	ལ་	PART
བཅས་པ་	བཅས་པ་	VERB
བྱུང་	བྱུང་	VERB
ཞིང་	ཅིང་	PART
།		PUNCT
དཔལ་	དཔལ་	OTHER
དུས་གསུམ་	དུས་གསུམ་	OTHER
མཁྱེན་པ་	མཁྱེན་པ་	VERB
འི་	གི་	PART
གདན་ས་	གདན་ས་	NOUN
བསྲུང་	བསྲུང་	NO_POS
ཞིང་	ཅིང་	PART
བསྐྱང་བ་	བསྐྱང་བ་	VERB
དང་	དང་	NO_POS
།		PUNCT
དེ་	སྟེ་	PART
ལ་སོགས་པ་	ལ་སོགས་པ་	NO_POS
རྫུ་	རྫུ་	NO_POS
འཕུལ་	འཕུལ་	NO_POS
སྣ་ཚོགས་	སྣ་ཚོགས་	DET
སྟོན་	སྟོན་	VERB
ཞིག་	ཅིག་	PART
འདུག་པ་	འདུག་པ་	VERB
ནི་	ནི་	NO_POS
།		PUNCT
དུས་	དུས་	NOUN
སྐལ་པ་	སྐལ་པ་	NOUN
འི་	གི་	PART
བར་འགྲིབ་	བར་འགྲིབ་	NO_POS
ཏུ་	ལ་	PART
སོང་བ་	སོང་བ་	VERB
ས་	གིས་	PART
མི་དགེ་བ་	མི་དགེ་བ་	NO_POS
རྩུབ་	རྩུབ་	VERB
འཁྲུག་	འཁྲུག་	VERB
སྣ་ཚོགས་པ་	སྣ་ཚོགས་པ་	DET
འོང་བ་	འོང་བ་	VERB
འི་	གི་	PART
བརྡ་	བརྡའ་	NOUN
ར་	ལ་	PART
འདུག་	འདུག་	VERB
།		PUNCT
ཡང་	ཀྱང་	PART
མཚུར་ཕུ་	མཚུར་ཕུ་	PROPN
ན་	ལ་	PART
ས་གཡོ་	ས་གཡོ་	NO_POS
ས་	གིས་	PART
ཆེན་པོ་	ཆེན་པོ་	ADJ
ཞག་	ཞག་	NOUN
གཅིག་	གཅིག་	NUM
ལ་	ལ་	PART
ཡང་	ཀྱང་	PART
མང་པོ་	མང་པོ་	ADJ
གཡོ་	གཡོ་	VERB
འི་	གི་	PART
རྒྱུན་	རྒྱུན་	NOUN
མ་	མ་	PART
ཆད་པ་	ཆད་པ་	VERB
བྱུང་	བྱུང་	VERB
ཞིང་	ཅིང་	PART
།		PUNCT
ཟླ་བ་	ཟླ་བ་	NOUN
གཅིག་	གཅིག་	NUM
གི་	གི་	PART
བ་	བ་	NOUN
དུ་	ལ་	PART
དེ་ལྟ་	དེ་ལྟ་	NO_POS
དུ་	ལ་	PART
བྱུང་བ་	བྱུང་བ་	VERB
ནི་	ནི་	NO_POS
།		PUNCT
ཅུང་ཟད་	ཅུང་ཟད་	ADV
ལྷན་ཅིག་	ལྷན་ཅིག་	OTHER
སྐྱེས་པ་	སྐྱེས་པ་	VERB
འི་	གི་	PART
ཡེ་ཤེས་	ཡེ་ཤེས་	NOUN
དེ་	སྟེ་	PART
གོ་བ་	གོ་བ་	VERB
འི་	གི་	PART
སྔ་ལྟས་	སྔ་ལྟས་	NOUN
ཙམ་	ཙམ་	DET
དུ་	ལ་	PART
འདུག་	འདུག་	VERB
།		PUNCT
དེ་ནས་	དེ་ནས་	NO_POS
ཡང་	ཀྱང་	PART
མཚུར་ཕུ་	མཚུར་ཕུ་	PROPN
ན་	ལ་	PART
འདུག་པ་	འདུག་པ་	VERB
འི་	གི་	PART
དུས་	དུས་	NOUN
སུ་	ལ་	PART
།		PUNCT
རྟ་མགྲིན་	རྟ་མགྲིན་	PROPN
ཞལ་	ཞལ་	NOUN
གསུམ་	གསུམ་	NUM
ཕྱག་	ཕྱག་	NOUN
དྲུག་པ་	དྲུག་པ་	NUM
།		PUNCT
གཡའ་	གཡའ་	NOUN
རྡོ་རྗེ་	རྡོ་རྗེ་	NOUN
ཐོ་བ་	ཐོ་བ་	VERB
ཅན་	ཅན་	PART
།		PUNCT
གཡོན་	གཡོན་	NOUN
བསྡིག་	བསྡིག་	NO_POS
འཛུབ་		NON_WORD
མཛད་པ་	མཛད་པ་	VERB
དེ་ལྟ་	དེ་ལྟ་	NO_POS
བུ་	བུ་	NOUN
ཉམས་	ཉམས་	NOUN
ལ་	ལ་	PART
ཤར་བ་	ཤར་བ་	VERB
ས་	གིས་	PART
།		PUNCT
ལྷ་འདྲེ་	ལྷ་འདྲེ་	NOUN
འི་	གི་	PART
ཚོགས་	ཚོགས་	NOUN
དབང་	དབང་	NOUN
དུ་	ལ་	PART
སྡུད་	སྡུད་	VERB
ཅིང་	ཅིང་	PART
ཟིལ་	ཟིལ་	NOUN
གྱིས་	གིས་	PART
མནན་པ་	མནན་པ་	VERB
འི་	གི་	PART
བརྡ་	བརྡའ་	NOUN
ར་	ལ་	PART
གོ་	གོ་	PART
།		PUNCT
ཡང་	ཀྱང་	PART
མཚུར་ཕུ་	མཚུར་ཕུ་	PROPN
ན་	ལ་	PART
འདུག་པ་	འདུག་པ་	VERB
འི་	གི་	PART
དུས་	དུས་	NOUN
སུ་	ལ་	PART
།		PUNCT
སྤྲེལ་	སྤྲེལ་	NO_POS
ལོ་ཟླ་བ་	ལོ་ཟླ་བ་	OTHER
གསུམ་པ་	གསུམ་པ་	NUM
འི་	གི་	PART
ཉི་ཤུ་ལྔ་	ཉི་ཤུ་ལྔ་	NO_POS
འི་	གི་	PART
དུས་	དུས་	NOUN
།		PUNCT
ནམ་སྲོད་	ནམ་སྲོད་	NOUN
ཀྱི་	གི་	PART
དུས་	དུས་	NOUN
སུ་	ལ་	PART
དཔལ་མགོན་པོ་	དཔལ་མགོན་པོ་	OTHER
མེ་	མེ་	NOUN
རླུང་	རླུང་	NOUN
སུབ་	སུབ་	NO_POS
མ་	མ་	PART
འི་	གི་	PART
ནང་	ནང་	NOUN
ན་	ལ་	PART
བཞུགས་པ་	བཞུགས་པ་	VERB
།		PUNCT
སྐུ་	སྐུ་	NOUN
ལ་ད་	ལ་ད་	PROPN
ར་	ལ་	PART
ནག་	ནག་	VERB
གི་	གི་	PART
འཇོལ་བེར་	འཇོལ་བེར་	NO_POS
ནོར་བུ་	ནོར་བུ་	NOUN
རིན་པོ་ཆེ་	རིན་པོ་ཆེ་	ADJ
ས་	གིས་	PART
བརྒྱན་པ་	བརྒྱན་པ་	VERB
གསོལ་བ་	གསོལ་བ་	VERB
།		PUNCT
ཕྱག་	ཕྱག་	NOUN
གཡའ་	གཡའ་	NOUN
བ་དན་	བ་དན་	NOUN
དཀར་པོ་	དཀར་པོ་	ADJ
རྩེ་	རྩེ་	NOUN
གསུམ་པ་	གསུམ་པ་	NUM
བསྣམས་པ་	བསྣམས་པ་	NO_POS
།		PUNCT
གཡོན་	གཡོན་	NOUN
ན་	ལ་	PART
ཐོད་ཁྲག་	ཐོད་ཁྲག་	NO_POS
ཐོགས་པ་	ཐོགས་པ་	VERB
གཅིག་	གཅིག་	NUM
།		PUNCT
འཁོར་	འཁོར་	NOUN
དཔག་	དཔག་	VERB
ཏུ་	ལ་	PART
མེད་པ་	མེད་པ་	VERB
ས་	གིས་	PART
བསྐོར་བ་	བསྐོར་བ་	VERB
ཡིད་	ཡིད་	NOUN
ཀྱི་	གི་	PART
ཡུལ་	ཡུལ་	NOUN
དུ་	ལ་	PART
གསལ་བ་	གསལ་བ་	VERB
གཅིག་	གཅིག་	NUM
བྱུང་	བྱུང་	VERB
།		PUNCT
དེ་	དེ་	DET
འི་	གི་	PART
དུས་	དུས་	NOUN
སུ་	ལ་	PART
གཏོར་མ་	གཏོར་མ་	NOUN
བཏང་	བཏང་	VERB
ཞིང་	ཅིང་	PART
གསོལ་བ་	གསོལ་བ་	VERB
བཏབ་པ་	བཏབ་པ་	VERB
འི་	གི་	PART
དུས་	དུས་	NOUN
ན་	ལ་	PART
།		PUNCT
དཔལ་མགོན་པོ་	དཔལ་མགོན་པོ་	OTHER
འི་	གི་	PART
ཞལ་	ཞལ་	NOUN
ན་	ནས་	PART
སངས་རྒྱས་	སངས་རྒྱས་	NOUN
ཀྱི་	གི་	PART
བསྟན་པ་	བསྟན་པ་	VERB
ཅི་	ཅི་	NO_POS
སྲིད་	སྲིད་	NOUN
གནས་	གནས་	NOUN
ཀྱི་	གི་	PART
བ་	བ་	NOUN
དུ་	ལ་	PART
།		PUNCT
ཁྱེད་	ཁྱེད་	PRON
ཀྱི་	གི་	PART
བུ་སློབ་	བུ་སློབ་	NOUN
ཡོན་བདག་	ཡོན་བདག་	NOUN
ལ་སོགས་པ་	ལ་སོགས་པ་	NO_POS
ཐམས་ཅད་	ཐམས་ཅད་	DET
ངེད་	ངེད་	PRON
ཀྱིས་	གིས་	PART
བསྲུང་བ་	བསྲུང་བ་	VERB
ཡིན་	ཡིན་	NO_POS
གསུང་བ་	གསུང་བ་	VERB
སྙམ་	སྙམ་	VERB
བྱེད་པ་	བྱེད་པ་	VERB
གཅིག་	གཅིག་	NUM
བྱུང་	བྱུང་	VERB
།		PUNCT
དེ་	དེ་	DET
འི་	གི་	PART
དུས་	དུས་	NOUN
སུ་	ལ་	PART
དཔལ་མགོན་པོ་	དཔལ་མགོན་པོ་	OTHER
འཁོར་	འཁོར་	NOUN
དང་	དང་	NO_POS
བཅས་པ་	བཅས་པ་	VERB
རྣམས་	རྣམས་	DET
ལ་	ལ་	PART
།		PUNCT
ཧཱུྃ་		NON_WORD
གཏུམ་	གཏུམ་	NO_POS
ཆེན་	ཆེན་	NO_POS
དྲག་པོ་	དྲག་པོ་	ADJ
ཁྲོས་པ་	ཁྲོས་པ་	VERB
སྲིན་པོ་	སྲིན་པོ་	NOUN
འི་	གི་	PART
གཟུགས་	གཟུགས་	NOUN
།		PUNCT
ཞེས་་	ཞེས་པ་	PART
འི་	གི་	PART
བསྟོད་པ་	བསྟོད་པ་	VERB
མཛད་	མཛད་	VERB
དོ་	གོ་	PART
། །		PUNCT
ཡང་	ཀྱང་	PART
མཚུར་ཕུ་	མཚུར་ཕུ་	PROPN
ན་	ལ་	PART
འདུག་པ་	འདུག་པ་	VERB
འི་	གི་	PART
དུས་	དུས་	NOUN
སུ་	ལ་	PART
།		PUNCT
སྤྲེལ་	སྤྲེལ་	NO_POS
ལོ་ཟླ་བ་	ལོ་ཟླ་བ་	OTHER
གསུམ་པ་	གསུམ་པ་	NUM
འི་	གི་	PART
ཉི་ཤུ་	ཉི་ཤུ་	NUM
བརྒྱད་	བརྒྱད་	NUM
ཀྱི་	གི་	PART
ནུབ་མོ་	ནུབ་མོ་	NOUN
སྲོད་	སྲོད་	ADV
ཀྱི་	གི་	PART
དུས་	དུས་	NOUN
སུ་	ལ་	PART
།		PUNCT
ནམ་མཁ་	ནམ་མཁའ་	NOUN
འི་	གི་	PART
དབྱིངས་	དབྱིངས་	NOUN
ན་	ནས་	PART
ཡེ་ཤེས་	ཡེ་ཤེས་	NOUN
ཀྱི་	གི་	PART
མགོན་པོ་	མགོན་པོ་	NOUN
ནག་པོ་	ནག་པོ་	ADJ
བེར་ནག་	བེར་ནག་	NO_POS
ཅན་	ཅན་	PART
།		PUNCT
སྐུ་མདོག་	སྐུ་མདོག་	NOUN
སྨུག་ནག་	སྨུག་ནག་	NO_POS
ཏུ་	ལ་	PART
འདུག་པ་	འདུག་པ་	VERB
།		PUNCT
རིན་པོ་ཆེ་	རིན་པོ་ཆེ་	ADJ
འི་	གི་	PART
རྒྱན་	རྒྱན་	NOUN
སྣ་ཚོགས་	སྣ་ཚོགས་	DET
ཀྱིས་	གིས་	PART
བརྒྱན་བ་	བརྒྱན་བ་	VERB
གཅིག་	གཅིག་	NUM
གསལ་བ་	གསལ་བ་	VERB
ར་	ལ་	PART
བྱུང་	བྱུང་	VERB
།		PUNCT
དེ་	དེ་	DET
འི་	གི་	PART
མདུན་	མདུན་	NOUN
ན་	ལ་	PART
སྲ་	སྲ་	NOUN
མཆོག་	མཆོག་	ADJ
ནག་པོ་	ནག་པོ་	ADJ
བེར་ནག་	བེར་ནག་	NO_POS
ཅན་	ཅན་	PART
བཞུགས་	བཞུགས་	VERB
འདུག་	འདུག་	VERB
།		PUNCT
དེ་	དེ་	DET
འི་	གི་	PART
འཁོར་	འཁོར་	NOUN
དུ་	ལ་	PART
རྣམ་ཐོས་	རྣམ་ཐོས་	PROPN
སྲ་	སྲ་	NOUN
ཀྱིས་	གིས་	PART
འགོ་	འགོ་	NO_POS
བྱ་	བྱ་	VERB
ན་	ནས་	PART
ཕྱོགས་	ཕྱོགས་	NOUN
བཅུ་	བཅུ་	NUM
འི་	གི་	PART
མགོན་པོ་	མགོན་པོ་	NOUN
འཁོར་	འཁོར་	NOUN
དང་	དང་	NO_POS
བཅས་པ་	བཅས་པ་	VERB
དང་	དང་	NO_POS
།		PUNCT
ལྷ་སྲིན་	ལྷ་སྲིན་	NOUN
སྡེ་བརྒྱད་	སྡེ་བརྒྱད་	OTHER
ཀྱི་	གི་	PART
བསྐོར་བ་	བསྐོར་བ་	VERB
དེ་ལྟ་	དེ་ལྟ་	NO_POS
བུ་	བུ་	NOUN
གསལ་བ་	གསལ་བ་	VERB
གཅིག་	གཅིག་	NUM
བྱུང་	བྱུང་	VERB
།		PUNCT
དེ་	དེ་	DET
འི་	གི་	PART
དུས་	དུས་	NOUN
སུ་	ལ་	PART
ཧཱུཾ་		NON_WORD
ཡབ་	ཡབ་	NOUN
གཅིག་	གཅིག་	NUM
ལེགས་ལྡན་	ལེགས་ལྡན་	NO_POS
ནག་པོ་	ནག་པོ་	ADJ
ཆེན་པོ་	ཆེན་པོ་	ADJ
ནི་	ནི་	NO_POS
།		PUNCT
ཞེས་་	ཞེས་པ་	PART
ལ་སོགས་པ་	ལ་སོགས་པ་	NO_POS
འི་	གི་	PART
བསྟོད་པ་	བསྟོད་པ་	VERB
མཛད་	མཛད་	VERB
།		PUNCT
ཡང་	ཀྱང་	PART
མཚུར་ཕུ་	མཚུར་ཕུ་	PROPN
ན་	ལ་	PART
བཞུགས་པ་	བཞུགས་པ་	VERB
འི་	གི་	PART
དུས་	དུས་	NOUN
སུ་	ལ་	PART
། །		PUNCT
ཕྱག་	ཕྱག་	NOUN
གཡའ་	གཡའ་	NOUN
ན་	ལ་	PART
རལ་གྲི་	རལ་གྲི་	NOUN
བསྣམས་པ་	བསྣམས་པ་	NO_POS
།		PUNCT
གཡོན་	གཡོན་	NOUN
ན་	ལ་	PART
ཐོད་པ་	ཐོད་པ་	NOUN
ཁྲག་	ཁྲག་	NOUN
གིས་	གིས་	PART
བཀངས་བ་	བཀངས་བ་	NON_WORD
བསྣམས་པ་	བསྣམས་པ་	NO_POS
།		PUNCT
སྐུ་	སྐུ་	NOUN
ལ་	ལ་	PART
ཉི་མ་	ཉི་མ་	NOUN
དང་	དང་	NO_POS
ཟླ་བ་	ཟླ་བ་	NOUN
དང་	དང་	NO_POS
སྐར་	སྐར་	NO_POS
ཕྲན་	ཕྲན་	OTHER
གྱིས་	གིས་	PART
བརྒྱན་པ་	བརྒྱན་པ་	VERB
།		PUNCT
དེ་ལྟ་	དེ་ལྟ་	NO_POS
བུ་	བུ་	NOUN
ལ་	ལ་	PART
འཁོར་	འཁོར་	NOUN
ནག་མོ་	ནག་མོ་	ADJ
འབུམ་	འབུམ་	NUM
སྡེ་	སྡེ་	NOUN
དང་	དང་	NO_POS
བཅས་པ་	བཅས་པ་	VERB
ས་	གིས་	PART
བསྐོར་བ་	བསྐོར་བ་	VERB
གསལ་བ་	གསལ་བ་	VERB
གཅིག་	གཅིག་	NUM
བྱུང་	བྱུང་	VERB
།		PUNCT
དེ་ནས་	དེ་ནས་	NO_POS
གཏོར་མ་	གཏོར་མ་	NOUN
བཏང་པ་	བཏང་པ་	VERB
ས་	གིས་	PART
གསོལ་བ་	གསོལ་བ་	VERB
བཏབ་པ་	བཏབ་པ་	VERB
འི་	གི་	PART
དུས་	དུས་	NOUN
སུ་	ལ་	PART
།		PUNCT
དཔལ་ལྷ་	དཔལ་ལྷ་	NO_POS
མོ་	མོ་	PRON
འི་	གི་	PART
ཞལ་	ཞལ་	NOUN
ན་	ནས་	PART
ཁྱོད་	ཁྱོད་	PRON
ཀྱི་	གི་	PART
བར་ཆད་	བར་ཆད་	NOUN
ཐམས་ཅད་	ཐམས་ཅད་	DET
ང་	ང་	PRON
ཡི་	གིས་	PART
བསལ་	བསལ་	VERB
གསུང་བ་	གསུང་བ་	VERB
གཅིག་	གཅིག་	NUM
རྨིས་	རྨིས་	NO_POS
།		PUNCT
དེ་	དེ་	DET
འི་	གི་	PART
དུས་	དུས་	NOUN
སུ་	ལ་	PART
།		PUNCT
དུས་གསུམ་	དུས་གསུམ་	OTHER
སངས་རྒྱས་	སངས་རྒྱས་	NOUN
ཐམས་ཅད་	ཐམས་ཅད་	DET
ཀྱི་	གི་	PART
། །		PUNCT
ཐུགས་	ཐུགས་	NOUN
ཀྱི་	གི་	PART
མཆོག་གྱུར་	མཆོག་གྱུར་	ADJ
ལྷ་མོ་	ལྷ་མོ་	NOUN
ཡི་	གི་	PART
། །		PUNCT
ཞེས་་	ཞེས་པ་	PART
ལ་སོགས་པ་	ལ་སོགས་པ་	NO_POS
འི་	གི་	PART
བསྟོད་པ་	བསྟོད་པ་	VERB
མཛད་	མཛད་	VERB
།		PUNCT
ཡང་	ཀྱང་	PART
སྔགས་འཆང་	སྔགས་འཆང་	NOUN
རང་བྱུང་	རང་བྱུང་	NOUN
རྡོ་རྗེ་	རྡོ་རྗེ་	NOUN
མཚུར་ཕུ་	མཚུར་ཕུ་	PROPN
ན་	ལ་	PART
བཞུགས་པ་	བཞུགས་པ་	VERB
འི་	གི་	PART
དུས་	དུས་	NOUN
སུ་	ལ་	PART
སྤྲེལ་	སྤྲེལ་	NO_POS
ལོ་ཟླ་བ་	ལོ་ཟླ་བ་	OTHER
དང་པོ་	དང་པོ་	ADJ
འི་	གི་	PART
ནུབ་	ནུབ་	ADV
གཅིག་	གཅིག་	NUM
གི་	གི་	PART
དུས་	དུས་	NOUN
སུ་	ལ་	PART
དཔལ་ལྷ་	དཔལ་ལྷ་	NO_POS
མོ་	གོ་	PART
རི་	རི་	NOUN
མ་ཏི་	མ་ཏི་	PROPN
དུས་	དུས་	NOUN
གཞི་	གཞི་	NOUN
ལྷ་མོ་	ལྷ་མོ་	NOUN
བཅས་པ་	བཅས་པ་	VERB
གཅིག་	གཅིག་	NUM
གསལ་བ་	གསལ་བ་	VERB
ར་	ལ་	PART
བྱུང་	བྱུང་	VERB
ན་	ནས་	PART
ནག་མོ་	ནག་མོ་	ADJ
རྫུ་འཕྲུལ་	རྫུ་འཕྲུལ་	NOUN
ཅན་	ཅན་	PART
ལ་སོགས་པ་	ལ་སོགས་པ་	NO_POS
ས་	གིས་	PART
བསྟོད་པ་	བསྟོད་པ་	VERB
མཛད་	མཛད་	VERB
།		PUNCT
མཚུར་ཕུ་	མཚུར་ཕུ་	PROPN
ར་	ལ་	PART
སྤྲེལ་	སྤྲེལ་	NO_POS
ལོ་ཟླ་བ་	ལོ་ཟླ་བ་	OTHER
གསུམ་པ་	གསུམ་པ་	NUM
འི་	གི་	PART
གནས་	གནས་	NOUN
ངག་	ངག་	NOUN
གི་	གི་	PART
དུས་	དུས་	NOUN
སུ་	ལ་	PART
དཔལ་མགོན་པོ་	དཔལ་མགོན་པོ་	OTHER
བེར་ནག་	བེར་ནག་	NO_POS
ཅན་	ཅན་	PART
སྐུ་	སྐུ་	NOUN
ལ་	ལ་	PART
བེར་ནག་	བེར་ནག་	NO_POS
གསོལ་བ་	གསོལ་བ་	VERB
ཞལ་	ཞལ་	NOUN
གཅིག་	གཅིག་	NUM
ཕྱག་	ཕྱག་	NOUN
གཉིས་པ་	གཉིས་པ་	NUM
གྲི་གུག་	གྲི་གུག་	NOUN
ཐོད་	ཐོད་	NOUN
ཁྲད་	ཁྲད་	NO_POS
བསྣམས་པ་	བསྣམས་པ་	NO_POS
གསལ་བ་	གསལ་བ་	VERB
གཅིག་	གཅིག་	NUM
བྱུང་བ་	བྱུང་བ་	VERB
དང་	དང་	NO_POS
།		PUNCT
གཞན་	གཞན་	DET
ཡང་	ཀྱང་	PART
ལྷ་མོ་	ལྷ་མོ་	NOUN
རེ་	རེ་	DET
མ་ཏི་	མ་ཏི་	PROPN
ཞལ་	ཞལ་	NOUN
གཅིག་	གཅིག་	NUM
ཕྱག་	ཕྱག་	NOUN
བཞི་	བཞི་	NUM
མ་	མ་	PART
གསལ་བ་	གསལ་བ་	VERB
གཅིག་	གཅིག་	NUM
བྱུང་	བྱུང་	VERB
།		PUNCT
དེ་	དེ་	DET
འི་	གི་	PART
དུས་	དུས་	NOUN
སུ་	ལ་	PART
ཧཱུྃ་		NON_WORD
།		PUNCT
དཔལ་ལྡན་	དཔལ་ལྡན་	ADJ
མགོན་པོ་	མགོན་པོ་	NOUN
ནག་པོ་	ནག་པོ་	ADJ
ཆེན་པོ་	ཆེན་པོ་	ADJ
ནི་	ནི་	NO_POS
།		PUNCT
ཞེས་་	ཞེས་པ་	PART
ལ་སོགས་པ་	ལ་སོགས་པ་	NO_POS
འི་	གི་	PART
བསྟོད་པ་	བསྟོད་པ་	VERB
མཛད་	མཛད་	VERB
།		PUNCT
ཡང་	ཀྱང་	PART
མཚུར་ཕུ་	མཚུར་ཕུ་	PROPN
ན་	ལ་	PART
བཞུགས་པ་	བཞུགས་པ་	VERB
འི་	གི་	PART
དུས་	དུས་	NOUN
སུ་	ལ་	PART
།		PUNCT
དཔལ་མགོན་པོ་	དཔལ་མགོན་པོ་	OTHER
ག་	ག་	NOUN
ཁྱུག་	ཁྱུག་	NO_POS
ཁྱུག་	ཁྱུག་	NO_POS
བྱེད་པ་	བྱེད་པ་	VERB
གཅིག་	གཅིག་	NUM
གསལ་བ་	གསལ་བ་	VERB
ར་	ལ་	PART
བྱུང་	བྱུང་	VERB
།		PUNCT
དེ་ནས་	དེ་ནས་	NO_POS
གཏོར་མ་	གཏོར་མ་	NOUN
བཏང་	བཏང་	VERB
ན་	ནས་	PART
གསོལ་བ་	གསོལ་བ་	VERB
བཏབ་པ་	བཏབ་པ་	VERB
ས་	གིས་	PART
།		PUNCT
མ་	མ་	PART
མགོན་	མགོན་	NOUN
གཉིས་	གཉིས་	NUM
ཀྱི་	གི་	PART
ཞལ་	ཞལ་	NOUN
ན་	ནས་	PART
འགྲོ་བ་	འགྲོ་བ་	VERB
འི་	གི་	PART
དོན་	དོན་	NOUN
བྱེད་པ་	བྱེད་པ་	VERB
འི་	གི་	PART
དུས་	དུས་	NOUN
ལ་	ལ་	PART
བབ་པ་	བབ་པ་	VERB
ཡིན་	ཡིན་	NO_POS
།		PUNCT
གསུང་བ་	གསུང་བ་	VERB
སྙམ་	སྙམ་	VERB
བྱེད་པ་	བྱེད་པ་	VERB
འི་	གི་	PART
དུས་	དུས་	NOUN
སུ་	ལ་	PART
།		PUNCT
ཧཱུཾ་		NON_WORD
དཔལ་ལྡན་	དཔལ་ལྡན་	ADJ
མགོན་པོ་	མགོན་པོ་	NOUN
ནག་པོ་	ནག་པོ་	ADJ
ནི་	ནི་	NO_POS
།		PUNCT
ཞེས་་	ཞེས་པ་	PART
ལ་སོགས་པ་	ལ་སོགས་པ་	NO_POS
འི་	གི་	PART
བསྟོད་པ་	བསྟོད་པ་	VERB
མཛད་	མཛད་	VERB
།		PUNCT
ཡང་	ཀྱང་	PART
མཚུར་ཕུ་	མཚུར་ཕུ་	PROPN
ན་	ལ་	PART
བཞུགས་པ་	བཞུགས་པ་	VERB
འི་	གི་	PART
དུས་	དུས་	NOUN
སུ་	ལ་	PART
།		PUNCT
སྤྲེལ་	སྤྲེལ་	NO_POS
ལོ་ཟླ་བ་	ལོ་ཟླ་བ་	OTHER
བརྒྱད་པ་	བརྒྱད་པ་	NUM
འི་	གི་	PART
ཚེས་བཅུ་	ཚེས་བཅུ་	OTHER
འི་	གི་	PART
ནུབ་མོ་	ནུབ་མོ་	NOUN
།		PUNCT
རང་ཅག་	རང་ཅག་	PRON
དང་	དང་	NO_POS
གཞན་	གཞན་	DET
ཡང་	ཀྱང་	PART
རོགས་	རོགས་	OTHER
གཉིས་	གཉིས་	NUM
དང་	དང་	NO_POS
གསུམ་	གསུམ་	NUM
གྱིས་	གིས་	PART
ལྷོ་ཕྱོགས་	ལྷོ་ཕྱོགས་	NOUN
དཔལ་	དཔལ་	OTHER
གྱི་	གི་	PART
རི་	རི་	NOUN
ཡིན་	ཡིན་	NO_POS
བྱ་བ་	བྱ་བ་	VERB
གཅིག་	གཅིག་	NUM
ཏུ་	ལ་	PART
།		PUNCT
བླ་མ་	བླ་མ་	NOUN
བྲམ་ཟེ་	བྲམ་ཟེ་	NOUN
ཆེན་པོ་	ཆེན་པོ་	ADJ
ཚོལ་	ཚོལ་	VERB
དུ་	ལ་	PART
ཕྱིན་	ཕྱིན་	VERB
བ་	བ་	ADP
།		PUNCT
གཞན་	གཞན་	DET
རོགས་	རོགས་	OTHER
གཉིས་	གཉིས་	NUM
ནི་	ནི་	NO_POS
རི་	རི་	NOUN
འི་	གི་	PART
ལྷོ་ཕྱོགས་	ལྷོ་ཕྱོགས་	NOUN
སུ་	ལ་	PART
ཚོལ་	ཚོལ་	VERB
དུ་	ལ་	PART
སོང་	སོང་	VERB
ཞིང་	ཅིང་	PART
།		PUNCT
བདག་	བདག་	PRON
ཤར་ཕྱོགས་	ཤར་ཕྱོགས་	NOUN
དེ་ཉིད་	དེ་ཉིད་	NOUN
ན་	ལ་	PART
ཐང་	ཐང་	NOUN
བདེ་	བདེ་	VERB
ཞིང་	ཅིང་	PART
ཡངས་པ་	ཡངས་པ་	ADJ
གཅིག་	གཅིག་	NUM
ཏུ་	ལ་	PART
བསྡད་	བསྡད་	NO_POS
ཙམ་	ཙམ་	DET
ན་	ལ་	PART
མེ་ཏོག་	མེ་ཏོག་	NOUN
གི་	གི་	PART
ཆ་	ཆ་	NOUN
ར་	ལ་	PART
དཔག་	དཔག་	VERB
ཏུ་	ལ་	PART
མེད་པ་	མེད་པ་	VERB
བབ་	བབ་	VERB
།		PUNCT
དེ་ནས་	དེ་ནས་	NO_POS
རང་ཅག་	རང་ཅག་	PRON
གིས་	གིས་	PART
ཐོ་	ཐོ་	NOUN
མང་པོ་	མང་པོ་	ADJ
རྩིགས་	རྩིགས་	VERB
ཅིང་	ཅིང་	PART
།		PUNCT
དེ་	སྟེ་	PART
རྣམས་	རྣམས་	DET
ཀྱི་	གི་	PART
དཀྱིལ་	དཀྱིལ་	NOUN
དུ་	ལ་	PART
མཉམ་པ་	མཉམ་པ་	VERB
ར་	ལ་	PART
བཞག་	བཞག་	VERB
ཅིང་	ཅིང་	PART
འདུག་པ་	འདུག་པ་	VERB
ལ་	ལ་	PART
།		PUNCT
ནམ་མཁའ་	ནམ་མཁའ་	NOUN
ན་	ནས་	PART
དབྱངས་	དབྱངས་	NOUN
ཀྱི་	གི་	PART
སྒྲ་	སྒྲ་	NOUN
ཅུང་ཟད་	ཅུང་ཟད་	ADV
གཅིག་	གཅིག་	NUM
གྲགས་པ་	གྲགས་པ་	VERB
ལ་	ལ་	PART
།		PUNCT
རིགས་	རིགས་	NOUN
ཀྱི་	གི་	PART
བུ་	བུ་	NOUN
ཁྱོད་	ཁྱོད་	PRON
ཡ་	ཡ་	OTHER
ཉོན་	ཉོན་	VERB
དང་	དང་	NO_POS
།		PUNCT
བླ་མ་	བླ་མ་	NOUN
བྲམ་ཟེ་	བྲམ་ཟེ་	NOUN
ཆེན་པོ་	ཆེན་པོ་	ADJ
ནི་	ནི་	NO_POS
།		PUNCT
རང་	རང་	PRON
གི་	གི་	PART
སེམས་ཉིད་	སེམས་ཉིད་	NOUN
ཡིན་	ཡིན་	NO_POS
ལགས་པ་	ལགས་པ་	AUX
ས་	གིས་	PART
། །		PUNCT
ཞེས་་	ཞེས་པ་	PART
ལ་སོགས་པ་	ལ་སོགས་པ་	NO_POS
བླ་མ་	བླ་མ་	NOUN
བྲམ་ཟེ་	བྲམ་ཟེ་	NOUN
ཆེན་པོ་	ཆེན་པོ་	ADJ
དང་	དང་	NO_POS
མཇལ་	མཇལ་	NO_POS
ལུགས་	ལུགས་	NOUN
རྣམས་	རྣམས་	DET
ལོགས་	ལོགས་	NOUN
སུ་	ལ་	PART
གསལ་	གསལ་	VERB
ལོ་	གོ་	PART
། །		PUNCT
རྣལ་འབྱོར་	རྣལ་འབྱོར་	NOUN
དབང་ཕྱུག་	དབང་ཕྱུག་	NOUN
རང་བྱུང་	རང་བྱུང་	NOUN
རྡོ་རྗེ་	རྡོ་རྗེ་	NOUN
བདག་	བདག་	PRON
།		PUNCT
འདའ་	འདའ་	VERB
དང་	དང་	NO_POS
སྔ་ཕྱི་	སྔ་ཕྱི་	ADJ
ལེགས་པ་	ལེགས་པ་	VERB
ར་	ལ་	PART
མི་	མི་	PART
དྲན་	དྲན་	VERB
ཡང་	ཀྱང་	PART
། །		PUNCT
དད་	དད་	VERB
ལྡན་	ལྡན་	VERB
ཤཱཀྱའི་		NON_WORD
དགེ་སྦྱོང་	དགེ་སྦྱོང་	NOUN
ད་	ད་	NOUN
བརྩོན་	བརྩོན་	VERB
གྱི་	གི་	PART
། །		PUNCT
ནན་ཏན་	ནན་ཏན་	NOUN
ཆེན་པོ་	ཆེན་པོ་	ADJ
ས་	གིས་	PART
ལོ་	གོ་	PART
གསུམ་	གསུམ་	NUM
སྔོན་རོལ་	སྔོན་རོལ་	NOUN
ན་	ནས་	PART
། །		PUNCT
ཡང་	ཀྱང་	PART
དང་	དང་	NO_POS
ཡང་	ཀྱང་	PART
དུ་	ལ་	PART
བསྐུལ་	བསྐུལ་	VERB
ཕྱི་	ཕྱི་	OTHER
ཡི་གེ་	ཡི་གེ་	NOUN
ར་	ལ་	PART
བཀོད་	བཀོད་	VERB
། །		PUNCT
འདི་	འདི་	DET
བྱ་	བྱ་	VERB
དགེ་བ་	དགེ་བ་	VERB
ས་	གིས་	PART
འགྲོ་	འགྲོ་	VERB
དྲུག་	དྲུག་	NUM
མ་	མ་	PART
ལུས་	ལུས་	NOUN
ཀུན་	ཀུན་	DET
། །		PUNCT
བླ་མེད་	བླ་མེད་	ADJ
བྱང་ཆུབ་	བྱང་ཆུབ་	NOUN
མྱུར་	མྱུར་	VERB
དུ་	ལ་	PART
ཐོབ་པ་	ཐོབ་པ་	VERB
ར་	ལ་	PART
ཤོག་	ཤོག་	VERB
།		PUNCT
ཆོས་རྗེ་	ཆོས་རྗེ་	NOUN
རང་བྱུང་	རང་བྱུང་	NOUN
རྡོ་རྗེ་	རྡོ་རྗེ་	NOUN
རྣམ་པ་	རྣམ་པ་	NOUN
ར་	ལ་	PART
ཐར་པ་	ཐར་པ་	VERB
འཁྲུངས་	འཁྲུངས་	NO_POS
རབ་	རབ་	ADV
དང་	དང་	NO_POS
།		PUNCT
ཞལ་	ཞལ་	NOUN
གྱིས་	གིས་	PART
གཟིགས་ཚུལ་	གཟིགས་ཚུལ་	VERB
འདི་	འདི་	DET
རྣམས་	རྣམས་	DET
།		PUNCT
མཚུར་ཕུ་	མཚུར་ཕུ་	PROPN
འི་	གི་	PART
དབེན་གནས་	དབེན་གནས་	OTHER
ཆེན་པོ་	ཆེན་པོ་	ADJ
ཁྱུང་	ཁྱུང་	NOUN
རྫོང་	རྫོང་	NOUN
དཔལ་	དཔལ་	OTHER
གྱི་	གི་	PART
དགོན་པ་	དགོན་པ་	NOUN
ར་	ལ་	PART
གསལ་བ་	གསལ་བ་	VERB
ར་	ལ་	PART
བཀོད་པ་	བཀོད་པ་	VERB
ལགས་སོ་	ལགས་སོ་	NO_POS
།		PUNCT
དཔལ་	དཔལ་	OTHER
ཆོས་རྗེ་	ཆོས་རྗེ་	NOUN
རང་བྱུང་	རང་བྱུང་	NOUN
རྡོ་རྗེ་	རྡོ་རྗེ་	NOUN
འི་	གི་	PART
རྣམ་པ་	རྣམ་པ་	NOUN
ར་	ལ་	PART
ཐར་པ་	ཐར་པ་	VERB
བཞུགས་པ་	བཞུགས་པ་	VERB
ལགས་སོ་	ལགས་སོ་	NO_POS
། །		PUNCT
རྫོགས་	རྫོགས་	VERB
སོ་	གོ་	PART
།། །།		PUNCT
ཞུ་	ཞུ་	VERB
སོ་	གོ་	PART
།།		PUNCT
